article_id	start_position	end_position	entity_text	entity_type
0	738	740	85	med_exam
0	809	811	前年	time
0	844	846	前年	time
0	859	861	前年	time
0	1048	1052	三月十八	time
0	2229	2232	兩個月	time
0	2279	2282	賈伯斯	name
0	2291	2294	賈伯斯	name
0	2313	2317	下下禮拜	time
0	2325	2329	下下禮拜	time
0	2362	2366	三月二十	time
0	2375	2379	兩個禮拜	time
0	2556	2560	兩個禮拜	time
0	2844	2846	紐約	location
0	2854	2856	紐約	location
0	2870	2873	新社區	location
0	2996	3000	下下禮拜	time
0	3297	3302	下下個禮拜	time
0	3306	3310	下下禮拜	time
0	3324	3327	賈伯斯	name
0	3331	3334	賈伯斯	name
0	3335	3337	七號	time
0	3341	3343	四月	time
0	3350	3355	今天二十號	time
0	3360	3366	下下禮拜七號	time
0	3371	3377	下下禮拜九號	time
0	3383	3387	四月四號	time
0	3715	3719	一天兩天	time
0	3729	3731	五天	time
0	4191	4196	一百五十塊	money
1	67	69	下午	time
1	71	77	昨天下午四點	time
1	94	98	38.2	med_exam
1	960	963	禮拜三	time
1	1406	1410	慶鴻學院	location
1	1610	1614	羅斯福路	location
1	2097	2100	六天份	time
1	2238	2244	禮拜一禮拜二	time
1	2341	2344	大安區	location
1	2354	2357	泰山區	location
1	2362	2365	泰山區	location
1	2369	2373	羅斯福路	location
1	2387	2390	泰山區	location
1	2451	2456	9月24號	time
2	837	841	三個禮拜	time
2	1152	1156	三個禮拜	time
2	1160	1164	6月4號	time
2	1354	1356	士林	location
2	1360	1362	士林	location
2	1388	1390	小明	name
2	1400	1402	小明	name
2	1633	1636	兩個月	time
3	67	71	三個禮拜	time
3	105	110	上上個禮拜	time
3	115	120	上上個禮拜	time
3	125	130	上上個禮拜	time
3	168	171	林醫師	name
3	261	267	上上個禮拜六	time
4	45	48	384	med_exam
4	175	177	99	med_exam
4	182	184	99	med_exam
4	209	213	11公斤	med_exam
4	451	453	7年	time
4	509	512	3個月	time
4	554	557	526	med_exam
4	560	563	第6號	ID
5	24	26	兩年	time
5	31	33	兩年	time
5	179	184	上上個禮拜	time
5	190	195	上上個禮拜	time
5	204	207	這禮拜	time
5	306	311	上上個禮拜	time
5	331	333	五天	time
5	388	393	上上個禮拜	time
6	896	900	15.3	med_exam
6	1371	1375	1.65	med_exam
6	1389	1393	1.03	med_exam
6	1624	1627	6月初	time
6	1652	1657	6月21日	time
6	1658	1663	6月21號	time
6	1664	1669	6月21號	time
6	1677	1682	6月24號	time
6	1684	1689	6月25號	time
6	2477	2482	6月15號	time
6	2486	2489	禮拜三	time
6	2949	2954	6月24號	time
7	11	14	林醫師	name
7	164	166	三周	time
7	199	204	五月十二號	time
7	257	260	九個月	time
7	264	268	九個半月	time
7	272	275	九個月	time
7	282	285	九個月	time
7	292	296	九個半月	time
7	332	335	九個月	time
7	348	351	六個月	time
7	490	492	小明	name
7	789	791	五天	time
7	855	857	紐約	location
7	863	869	今天六月十三	time
7	1039	1047	二零一八六月十三	time
7	1048	1050	小美	name
7	1130	1133	四個月	time
7	1164	1167	林醫師	name
7	1321	1325	明年一月	time
7	1329	1331	一月	time
7	1460	1463	林醫師	name
7	1497	1500	林醫師	name
7	1657	1660	陳醫師	name
8	343	346	肝膽科	profession
8	534	537	30號	time
8	541	544	30號	time
8	573	576	禮拜五	time
8	675	680	下個禮拜五	time
8	687	695	下禮拜五，禮拜五	time
8	701	703	下午	time
8	713	716	早上時	time
8	735	744	禮拜五，禮拜五早上	time
9	3	6	皮卡丘	name
9	248	251	皮卡丘	name
9	800	802	超夢	name
9	803	805	超夢	name
9	855	857	超夢	name
9	875	877	超夢	name
9	1022	1026	H1N1	clinical_event
9	1333	1336	禮拜三	time
9	1340	1345	下個禮拜三	time
9	1350	1353	禮拜三	time
9	1396	1398	下午	time
9	1406	1408	下午	time
9	1434	1437	上午時	time
9	1442	1445	下午時	time
9	1481	1484	洛奇亞	name
9	1503	1505	上午	time
9	1510	1513	禮拜五	time
9	1533	1537	下禮拜五	time
9	1552	1556	下禮拜五	time
9	1557	1561	四月二十	time
9	1570	1574	四月二十	time
9	1578	1583	四月十三號	time
9	1592	1595	二十號	time
9	1601	1604	二十號	time
9	1615	1618	二十號	time
9	1623	1626	第八號	time
9	1632	1638	下下個禮拜五	time
9	1647	1652	下午第八號	time
9	1687	1692	四月二十號	time
9	1708	1712	四月二十	time
9	1718	1721	第八號	time
9	1867	1869	六月	time
9	1881	1885	六月一號	time
9	1998	2002	六月一號	time
9	2144	2147	兩個月	time
9	2182	2185	皮卡丘	name
10	205	209	四月一號	time
10	270	274	三個禮拜	time
10	660	664	兩個禮拜	time
10	678	682	兩個禮拜	time
11	3	5	小美	name
11	41	44	十二月	time
11	57	61	H1N1	clinical_event
11	74	79	六月十四號	time
11	211	215	H1N1	clinical_event
11	452	455	103	med_exam
11	458	461	103	med_exam
11	509	512	126	med_exam
11	524	527	126	med_exam
11	640	643	103	med_exam
11	667	670	5.4	med_exam
11	671	674	5.9	med_exam
11	697	700	6.5	med_exam
11	703	706	6.5	med_exam
11	850	852	56	med_exam
11	853	855	57	med_exam
11	871	874	156	med_exam
11	878	881	156	med_exam
11	1114	1117	125	med_exam
11	1149	1152	125	med_exam
11	1156	1159	124	med_exam
11	1176	1180	去年年底	time
11	1181	1186	去年11月	time
11	1187	1190	181	med_exam
11	1216	1219	5.6	med_exam
11	2158	2160	小美	name
11	2189	2192	前三週	time
11	2196	2199	前三週	time
11	2281	2286	11月28	time
11	2319	2322	11月	time
11	2329	2332	11月	time
11	2453	2456	7.4	med_exam
12	156	161	5月29號	time
12	207	209	97	med_exam
12	228	231	111	med_exam
12	247	250	130	med_exam
12	368	371	111	med_exam
12	376	379	111	med_exam
12	385	388	190	med_exam
12	501	503	86	med_exam
12	561	563	86	med_exam
12	569	572	150	med_exam
12	574	577	150	med_exam
12	637	639	二月	time
12	644	646	二月	time
12	680	683	280	med_exam
12	705	709	6.1多	med_exam
12	716	719	6.3	med_exam
12	723	726	6.3	med_exam
12	923	926	兩三天	time
12	1262	1264	兩年	time
12	1272	1274	兩年	time
13	1218	1221	兩個月	time
14	507	510	7.2	med_exam
14	972	974	小明	name
14	1210	1213	聖誕節	time
14	1257	1261	兩個禮拜	time
14	1274	1278	兩個禮拜	time
14	1301	1303	5號	time
15	22	24	56	med_exam
15	193	197	兩個禮拜	time
15	202	206	兩個禮拜	time
15	215	217	56	med_exam
15	236	239	六千二	med_exam
15	259	262	六千二	med_exam
15	272	275	七千二	med_exam
15	740	744	下下個月	time
15	755	757	56	med_exam
15	1128	1130	56	med_exam
15	1372	1376	5月5號	time
15	1380	1384	5月5號	time
15	1393	1397	5月2號	time
15	1401	1404	早三天	time
15	1424	1430	5月7號早上	time
15	1442	1446	5月7號	time
15	1447	1449	5號	time
15	1459	1461	2號	time
15	1462	1464	7號	time
15	1555	1559	5月7號	time
16	93	95	54	med_exam
16	137	139	33	med_exam
16	140	142	54	med_exam
16	146	148	33	med_exam
16	185	187	54	med_exam
16	199	201	54	med_exam
16	376	380	三個禮拜	time
16	389	393	三個禮拜	time
16	412	416	三個禮拜	time
16	423	427	兩個禮拜	time
16	843	845	小美	name
16	1475	1478	六千二	med_exam
16	1600	1603	一個鐘	time
16	1821	1825	11.5	med_exam
16	1830	1833	8.5	med_exam
16	1834	1838	11.5	med_exam
16	1849	1852	6.6	med_exam
16	2030	2034	11.8	med_exam
16	2218	2221	林醫師	name
16	2251	2255	5月16	time
16	2354	2358	兩個禮拜	time
16	2868	2870	33	med_exam
16	2871	2873	54	med_exam
16	2877	2879	33	med_exam
16	2916	2918	54	med_exam
16	2930	2932	54	med_exam
16	3107	3111	三個禮拜	time
16	3120	3124	三個禮拜	time
16	3143	3147	三個禮拜	time
16	3154	3158	兩個禮拜	time
16	3574	3576	小美	name
16	4206	4209	六千二	med_exam
16	4331	4334	一個鐘	time
16	4552	4556	11.5	med_exam
16	4561	4564	8.5	med_exam
16	4565	4569	11.5	med_exam
16	4580	4583	6.6	med_exam
16	4761	4765	11.8	med_exam
16	4949	4952	林醫師	name
16	4982	4986	5月16	time
16	5085	5089	兩個禮拜	time
16	5733	5737	劍橋醫院	location
16	5742	5746	劍橋醫院	location
16	5987	5990	林醫師	name
16	6151	6154	六月底	time
16	6170	6173	六月底	time
16	6248	6250	姑姑	family
16	6334	6340	六月二十八號	time
17	487	491	兩個禮拜	time
17	822	826	兩個禮拜	time
17	848	853	下下個禮拜	time
17	874	879	下下下禮拜	time
17	893	900	下下下個禮拜二	time
17	905	912	下下下個禮拜二	time
17	944	948	兩個禮拜	time
17	1143	1147	30分鐘	time
18	722	724	34	med_exam
18	958	960	兩年	time
18	1000	1002	兩年	time
18	1005	1013	前年的四月二十七	time
18	1029	1031	今年	time
18	1032	1036	五月三號	time
18	1039	1041	34	med_exam
18	1059	1063	五月三號	time
18	1072	1076	六個禮拜	time
18	1118	1122	兩個禮拜	time
18	1135	1138	下四周	time
18	1144	1152	九十......	med_exam
18	1162	1166	九十六塊	money
18	1539	1544	八百七十二	med_exam
18	1545	1548	872	med_exam
18	1671	1673	28	med_exam
18	1748	1751	兩個月	time
18	1815	1818	兩個月	time
18	1822	1825	禮拜四	time
18	1827	1831	七月三號	time
18	1849	1853	七月二號	time
18	1921	1923	小美	name
18	1924	1931	七月四號禮拜五	time
18	1942	1946	七月四號	time
18	1996	1999	第三號	time
18	2014	2020	前一個禮拜記	time
19	49	52	112	med_exam
19	82	85	二十年	time
19	166	170	二十年前	time
19	231	234	126	med_exam
19	404	408	一百五十	med_exam
19	1076	1078	85	med_exam
19	1348	1353	0.8公分	med_exam
19	1361	1366	0.8公分	med_exam
19	1431	1436	2010年	time
19	1665	1668	六月初	time
19	1676	1679	六月初	time
19	1701	1705	十二月底	time
19	1707	1710	一月初	time
19	1819	1823	一個週末	time
19	1868	1872	這三個月	time
19	1873	1878	這二十幾年	time
19	1881	1884	三個月	time
19	1926	1929	三個月	time
19	2004	2006	紐約	location
19	2013	2015	紐約	location
19	2438	2440	叔叔	family
19	2441	2445	五十幾歲	time
20	644	647	160	med_exam
20	668	672	130幾	med_exam
20	813	816	173	med_exam
20	820	823	124	med_exam
20	824	826	87	med_exam
20	869	872	四個月	time
20	934	940	節9月21號	time
20	942	947	9月22號	time
20	1033	1036	22號	time
20	1140	1145	9月22號	time
20	1152	1157	9月22號	time
20	1220	1225	今年中秋節	time
20	1226	1229	禮拜二	time
21	18	23	一百五十塊	money
21	42	45	林醫師	name
21	783	786	陳醫師	name
21	971	973	小美	name
21	980	983	林醫師	name
21	987	990	林醫師	name
21	1122	1126	上上禮拜	time
21	1228	1230	咐一	profession
21	1368	1372	三個禮拜	time
21	1378	1382	三個禮拜	time
21	1385	1388	黃醫師	name
21	1389	1392	黃醫師	name
21	1394	1399	五月二十八	time
21	1404	1407	五二八	time
21	1412	1415	五二八	time
21	1427	1430	五二八	time
21	1594	1596	台北	location
21	1597	1599	士林	location
21	1605	1607	台北	location
21	1614	1618	台北士林	location
21	1628	1630	台北	location
21	1631	1633	士林	location
21	1637	1639	台北	location
21	1641	1643	士林	location
21	1646	1650	士林夜市	location
21	1652	1654	士林	location
21	1660	1664	士林夜市	location
22	81	84	王醫師	name
22	266	270	兩個月前	time
22	277	281	兩個月前	time
22	286	290	兩個月前	time
22	630	635	4.9公分	med_exam
22	715	721	2.86公分	med_exam
22	1417	1421	上禮拜四	time
22	1425	1429	上禮拜四	time
22	1441	1445	上禮拜四	time
22	1449	1452	禮拜五	time
22	1461	1464	林醫師	name
22	1473	1476	林醫師	name
22	1479	1482	林醫師	name
22	1836	1839	林醫師	name
22	2428	2430	昨天	time
22	2611	2615	下下禮拜	time
22	2635	2639	下下禮拜	time
22	2902	2906	東區新樓	location
22	2971	2973	東區	location
22	2986	2988	東區	location
22	3335	3340	麻里愛醫師	name
22	3377	3380	三個月	time
22	3384	3394	兩個月一個月，半個月	time
22	3411	3416	8月23號	time
23	135	139	一點黃黃	time
23	154	156	黃紙	name
23	280	285	上午，上午	time
23	416	418	上午	time
23	427	429	上午	time
23	591	594	兩個月	time
23	846	852	12月11號	time
23	868	874	11月10號	time
23	1586	1589	下禮拜	time
24	1060	1063	黃醫師	name
25	27	32	上上個禮拜	time
25	40	43	林醫師	name
25	107	110	林醫師	name
25	141	144	林醫師	name
25	305	308	林醫師	name
25	912	915	中午上	time
25	942	944	下午	time
25	1103	1106	林醫師	name
25	1142	1145	林醫師	name
25	1158	1161	李醫師	name
25	1178	1181	李醫師	name
25	1310	1313	三個月	time
25	1568	1571	林醫師	name
26	32	35	前三天	time
26	83	88	三十七度多	med_exam
26	92	95	三七多	med_exam
26	690	693	王醫師	name
26	698	701	王醫師	name
26	1428	1432	SARS	clinical_event
26	1606	1609	一千多	money
26	1640	1643	一千多	money
26	1837	1840	九個月	time
27	237	241	前天昨天	time
27	287	291	今天今天	time
27	332	336	今天昨天	time
27	527	529	昨天	time
27	719	722	王醫師	name
27	731	734	王醫師	name
27	884	886	小師	name
27	1023	1025	下午	time
27	1055	1057	下午	time
27	1175	1178	林醫師	name
27	1192	1194	下午	time
27	1199	1201	下午	time
27	1721	1723	昨天	time
27	1726	1729	林醫師	name
27	1740	1743	林醫師	name
27	3279	3281	昨天	time
27	4172	4175	下禮拜	time
28	149	152	王醫師	name
28	405	407	三年	time
28	423	425	三年	time
28	440	442	前年	time
28	460	465	王大華醫師	name
28	708	710	兩年	time
28	729	731	五年	time
28	872	875	王醫師	name
28	918	921	林醫師	name
28	935	938	王醫師	name
28	984	987	禮拜五	time
28	991	994	陳小明	name
28	1073	1076	禮拜五	time
28	1095	1099	早上下午	time
28	1105	1109	早上下午	time
28	1134	1137	王大華	name
28	1177	1180	陳醫師	name
28	1290	1292	爸爸	family
28	1466	1468	四週	time
28	1574	1577	王醫師	name
29	33	36	上個月	time
29	216	220	三個禮拜	time
29	226	230	三個禮拜	time
29	239	242	吳醫師	name
29	245	249	兩個禮拜	time
29	253	257	兩個禮拜	time
29	264	268	兩個禮拜	time
29	302	306	三個禮拜	time
29	339	343	三個禮拜	time
29	593	597	兩個禮拜	time
29	670	674	兩個禮拜	time
29	743	747	兩個禮拜	time
29	757	761	下下禮拜	time
29	1171	1173	新市	location
29	1258	1260	新市	location
29	1382	1386	下個禮拜	time
30	683	685	昨天	time
30	707	709	昨天	time
30	750	752	平溪	location
30	773	775	平溪	location
30	967	971	邵介醫師	name
30	1161	1164	許醫師	name
30	1406	1410	四十五歲	time
30	1461	1464	陳醫師	name
30	1635	1640	林明翰醫師	name
30	1893	1896	許醫師	name
30	2042	2045	三個月	time
30	2149	2151	六千	money
30	2152	2154	七千	money
30	2193	2196	三千五	money
30	2202	2205	三千五	money
30	2308	2311	六千塊	money
30	2315	2317	六千	money
30	2332	2335	陳醫師	name
30	2781	2784	陳醫師	name
30	2834	2836	七號	time
30	2840	2842	七號	time
30	3044	3047	四十歲	time
30	3109	3113	四十五歲	time
30	3154	3158	四十五歲	time
30	3616	3619	七月底	time
31	57	60	4五百	med_exam
31	526	528	昨天	time
31	729	732	林小姐	name
31	1070	1073	兩個月	time
32	32	35	五六天	time
32	41	44	五六天	time
32	213	217	四個禮拜	time
32	260	264	四個禮拜	time
32	298	302	四個禮拜	time
32	315	318	五百塊	money
32	1504	1509	十幾二十年	time
32	2029	2032	兩個月	time
32	2341	2344	兩個月	time
33	49	52	8.1	med_exam
33	56	59	8.1	med_exam
33	86	89	6.6	med_exam
33	149	152	8.1	med_exam
33	156	159	8.1	med_exam
33	163	166	146	med_exam
33	298	301	6.6	med_exam
33	315	318	6.6	med_exam
33	471	476	早上上大號	time
33	495	498	早上上	time
33	716	720	前年前年	time
33	724	726	前年	time
33	731	735	前年七月	time
33	739	743	前年七月	time
33	787	789	8月	time
33	790	794	8月5號	time
33	979	981	84	med_exam
33	985	989	84公斤	med_exam
33	1474	1477	2個月	time
33	1486	1489	2個月	time
34	7	11	六個禮拜	time
34	171	175	八月二十	time
34	189	193	八月一號	time
34	197	199	三號	time
34	203	207	八月一號	time
34	214	218	八月一號	time
34	449	455	一個禮拜試試	time
35	133	136	480	med_exam
35	167	170	510	med_exam
35	174	177	510	med_exam
35	180	183	510	med_exam
35	307	309	28	med_exam
35	402	411	2018、2019	med_exam
35	413	421	20193月33	time
35	426	428	兩年	time
35	441	443	28	med_exam
35	446	450	去年3月	time
35	578	584	3月2019	time
35	595	601	20193月	time
35	667	670	7月7	time
35	1133	1137	下禮拜二	time
35	1374	1377	半個月	time
35	1483	1486	半個月	time
35	2024	2030	11月10號	time
36	136	139	六月初	time
36	164	166	爸爸	family
36	172	174	屏東	location
36	192	196	六月九號	time
36	230	234	左鎮分院	location
36	2115	2118	三月初	time
36	2119	2123	三月二號	time
36	2127	2131	三月二號	time
36	2137	2142	三月十八號	time
36	2238	2240	屏東	location
36	2480	2485	三月十二號	time
36	2641	2645	三月十八	time
36	2704	2708	左鎮分院	location
36	2715	2719	左鎮分院	location
36	3571	3574	這禮拜	time
36	4289	4293	五十二歲	time
36	4649	4652	這禮拜	time
36	4669	4673	下下禮拜	time
36	4818	4821	下禮拜	time
36	4862	4864	三週	time
36	4882	4884	兩週	time
36	4985	4988	三個月	time
36	5005	5008	三個月	time
36	5097	5101	三個禮拜	time
36	5147	5149	兩週	time
36	5162	5165	第三週	time
36	5251	5253	三週	time
36	5265	5267	三週	time
37	151	154	四月初	time
37	211	214	禮拜五	time
37	409	413	上上禮拜	time
37	448	452	上上禮拜	time
37	538	541	許醫師	name
37	544	548	八月六號	time
37	654	661	兩星期、兩個月	time
37	696	699	三個月	time
37	701	704	兩個月	time
37	708	711	兩個月	time
37	718	721	兩個月	time
37	729	732	曆八月	time
37	812	816	八個禮拜	time
38	119	122	兩個月	time
38	342	346	83.2	med_exam
38	352	356	83.2	med_exam
38	522	524	前年	time
38	579	581	前年	time
38	623	625	兩年	time
38	644	646	兩年	time
38	689	691	兩年	time
38	786	788	前年	time
38	789	799	十月、十一月、十二月	time
38	843	848	二十幾公斤	med_exam
38	1013	1016	405	med_exam
38	1126	1129	380	med_exam
38	1290	1293	三百八	med_exam
38	1315	1318	兩個月	time
38	1325	1328	兩個月	time
38	1349	1351	小美	name
38	1454	1458	下下個月	time
38	1505	1507	工業	profession
38	1559	1561	台東	location
38	1563	1565	台東	location
38	1674	1676	台東	location
38	1700	1702	小美	name
38	1895	1897	台東	location
38	1937	1939	九月	time
38	1990	1992	台東	location
39	116	118	下午	time
39	173	175	昨天	time
39	184	186	昨天	time
39	371	375	下下個月	time
39	397	400	十二天	time
39	1138	1141	四個月	time
39	1176	1180	下下個月	time
39	1224	1226	紐約	location
39	1370	1374	四個禮拜	time
39	1425	1428	九十五	med_exam
39	1502	1505	禮拜四	time
39	1530	1534	紐約醫院	location
39	1573	1576	三四年	time
39	1756	1758	台北	location
39	1808	1810	台北	location
40	401	405	下下禮拜	time
40	429	434	10月7號	time
40	443	447	下下禮拜	time
40	450	452	四周	time
40	491	495	四個禮拜	time
40	524	528	上個禮拜	time
40	536	540	上個禮拜	time
40	549	553	上個禮拜	time
40	569	574	下下個禮拜	time
40	644	649	下下個禮拜	time
40	653	656	禮拜二	time
40	999	1003	下下禮拜	time
40	1008	1013	11月2號	time
40	1015	1017	小櫻	name
40	1019	1021	佐助	name
40	1273	1276	禮拜三	time
40	1309	1311	佐助	name
40	1487	1491	下下禮拜	time
40	1496	1500	下下禮拜	time
40	1508	1510	四周	time
40	1535	1540	禮拜二早上	time
40	1547	1549	小櫻	name
40	1580	1582	佐助	name
41	187	190	林醫師	name
41	191	193	八月	time
41	202	206	九月十號	time
41	209	213	兩個禮拜	time
41	215	218	林醫師	name
41	228	232	兩個禮拜	time
41	284	288	九月十號	time
41	292	296	九月十號	time
41	351	353	上午	time
41	362	364	上午	time
41	479	482	林醫師	name
41	610	614	五點五八	time
41	620	624	五點五八	time
41	758	762	九月十號	time
41	871	875	六十二歲	time
41	1135	1137	痱子	profession
41	1334	1338	二十八天	time
41	1344	1348	二十八天	time
41	1352	1356	九月十號	time
41	1362	1366	九月十日	time
41	1367	1370	十四天	time
41	1374	1377	十四天	time
41	1383	1386	十四天	time
41	1403	1407	兩個禮拜	time
41	1408	1412	兩個禮拜	time
41	1419	1423	兩個禮拜	time
41	1424	1428	兩個禮拜	time
41	1438	1441	林醫師	name
41	1482	1486	兩個禮拜	time
41	1575	1579	九月十號	time
41	1583	1587	九月十號	time
42	7	9	95	med_exam
42	180	183	五個月	time
42	278	281	兩個月	time
42	329	332	兩個月	time
42	554	559	8月25號	time
42	728	731	172	med_exam
42	735	738	172	med_exam
42	901	905	兩個禮拜	time
42	941	944	五個月	time
42	950	953	五個月	time
43	237	239	四月	time
43	268	272	57.6	med_exam
43	475	477	小美	name
43	479	482	李小美	name
43	483	488	3月15號	time
43	1610	1612	三月	time
43	1629	1631	八月	time
43	1651	1654	兩個月	time
43	1726	1728	6年	time
43	1737	1740	六個月	time
43	1745	1748	六個月	time
43	1750	1753	六個月	time
43	2140	2143	三個月	time
43	2221	2226	五、六個月	time
43	2454	2457	林醫師	name
43	2550	2556	三個月到半年	time
43	2598	2601	蔡醫師	name
43	2694	2696	五月	time
43	2701	2703	五月	time
43	2710	2712	三月	time
43	2749	2753	0.74	med_exam
43	2794	2798	四個禮拜	time
44	423	428	一百六十八	med_exam
44	693	697	九月三號	time
44	724	727	三百七	med_exam
44	753	756	三百多	med_exam
44	795	798	四五八	med_exam
44	922	926	七二點三	med_exam
44	930	934	七二點三	med_exam
44	962	965	七十九	med_exam
44	1100	1103	鞏醫師	name
44	1284	1286	小華	name
44	1290	1292	小明	name
45	7	10	林小姐	name
45	2142	2147	下下個禮拜	time
45	2159	2164	下下個禮拜	time
45	2167	2174	下下個禮拜幾號	time
45	2281	2285	下下禮拜	time
45	2289	2293	下下個月	time
45	2298	2302	下下個月	time
45	2308	2310	八號	time
45	2313	2315	榮總	location
45	2322	2324	榮總	location
45	2340	2344	九月八號	time
45	2357	2361	九月十號	time
45	2382	2390	九月十號就禮拜五	time
45	2394	2397	禮拜五	time
46	343	347	三月二號	time
46	683	685	五天	time
46	689	691	五天	time
46	804	806	八六	med_exam
46	1145	1147	十月	time
46	1202	1204	十月	time
46	1409	1412	三個月	time
46	1582	1587	十一月八號	time
46	1589	1592	三個月	time
46	1690	1693	三個月	time
46	1822	1825	八十九	med_exam
46	1829	1832	八十九	med_exam
46	1953	1957	第二個月	time
47	4	6	小明	name
47	215	219	六個禮拜	time
47	223	227	四月三號	time
47	253	257	六個禮拜	time
47	339	342	下下週	time
47	381	385	下個禮拜	time
47	388	392	下個禮拜	time
47	663	666	下禮拜	time
47	686	689	下禮拜	time
47	1137	1142	六十二點三	med_exam
47	1146	1151	六十二點三	med_exam
47	1289	1297	下個禮拜四月十號	time
47	1364	1367	四三零	time
47	1370	1373	上個月	time
47	1374	1377	四二三	med_exam
48	346	349	155	med_exam
48	357	360	115	med_exam
48	365	369	37度3	med_exam
48	373	375	37	med_exam
48	1700	1703	2.7	med_exam
48	1720	1723	2.7	med_exam
48	2616	2619	下禮拜	time
48	2625	2628	下禮拜	time
48	2638	2642	下禮拜四	time
48	2649	2653	下禮拜四	time
48	2713	2715	下午	time
48	2741	2743	下午	time
48	2749	2751	下午	time
48	2804	2807	下禮拜	time
48	3285	3289	17.6	med_exam
48	3398	3401	下禮拜	time
48	3424	3427	下禮拜	time
48	3431	3435	下禮拜四	time
49	109	114	6月18號	time
49	167	171	前兩三天	time
49	220	224	早上4點	time
49	583	586	三四年	time
49	679	682	5月份	time
49	698	701	5月份	time
49	720	725	6月12號	time
49	743	748	8月28號	time
49	749	752	29號	time
49	762	765	5.5	med_exam
49	785	788	155	med_exam
49	872	875	2個月	time
49	1167	1172	11月21	time
49	1178	1183	11月21	time
49	1193	1196	10週	time
49	1203	1208	11月21	time
50	47	57	禮拜一禮拜二今天兩天	time
50	76	81	一天禮拜二	time
50	110	113	禮拜四	time
50	129	132	禮拜五	time
50	233	235	昨天	time
50	245	247	昨天	time
50	613	615	大姊	family
50	617	619	大姊	family
50	720	723	屏東市	location
50	906	910	今天早上	time
50	1289	1292	明天上	time
50	1886	1889	兩三天	time
50	2244	2254	禮拜一禮拜三或禮拜四	time
50	2304	2306	下午	time
50	2327	2329	下午	time
50	2338	2342	下禮拜三	time
50	2373	2376	下禮拜	time
50	2397	2400	禮拜三	time
50	2404	2407	60號	time
50	2412	2415	下禮拜	time
50	2435	2438	下禮拜	time
50	2441	2445	6月15	time
50	2453	2457	6月15	time
50	2464	2468	6月15	time
50	2506	2510	6月17	time
50	2529	2534	6月17號	time
50	2549	2553	6月15	time
50	2559	2563	6月15	time
51	32	38	五月三十一號	time
51	124	126	五三	time
51	132	135	八十五	med_exam
51	142	145	八十五	med_exam
51	475	478	五個月	time
51	745	748	五年前	time
51	789	791	三年	time
51	806	808	三年	time
51	948	950	五年	time
51	973	975	痊癒	profession
51	988	990	爸爸	family
51	995	997	爸爸	family
51	1043	1046	黃醫師	name
51	1047	1050	黃宗翰	name
51	1057	1060	黃宗翰	name
51	1407	1409	小惠	name
51	1582	1585	五個月	time
51	1698	1704	七月三十一號	time
52	66	70	今天早上	time
52	142	146	今天早上	time
53	5	8	八點五	med_exam
53	28	32	十八點七	time
53	120	122	下午	time
53	361	363	下午	time
53	368	370	下午	time
53	376	379	上禮拜	time
53	507	510	廖醫師	name
53	522	525	李醫師	name
53	568	571	兩個月	time
53	611	615	兩個禮拜	time
53	622	624	親戚	family
53	637	641	兩個禮拜	time
53	655	657	四週	time
53	943	947	四個禮拜	time
53	982	986	四個禮拜	time
53	998	1002	十月二號	time
54	21	27	禮拜三禮拜四	time
54	37	43	禮拜三禮拜四	time
54	50	56	禮拜三禮拜四	time
54	478	482	兩個禮拜	time
54	489	493	兩個禮拜	time
54	500	504	兩個禮拜	time
54	1620	1623	175	med_exam
54	1636	1639	25塊	money
55	359	362	林醫師	name
55	585	589	6月15	time
55	606	609	兩個月	time
55	945	948	林醫師	name
55	1159	1163	下下禮拜	time
56	5	8	兩個月	time
56	904	906	昨天	time
56	1161	1165	兩個月前	time
56	1889	1896	3個月或6個月	time
56	2390	2393	3個月	time
57	309	312	兩個月	time
57	501	504	5個月	time
57	515	518	5個月	time
57	1210	1214	紐約醫院	location
57	1236	1240	紐約醫院	location
57	1251	1255	紐約醫院	location
57	1259	1263	紐約醫院	location
57	1636	1639	李醫師	name
57	1916	1918	48	med_exam
57	2055	2057	48	med_exam
58	304	307	12月	time
58	576	580	五、六年	time
58	631	636	七、八個月	time
58	648	653	七、八個月	time
58	671	676	七、八個月	time
58	1048	1051	上個月	time
58	1058	1061	上個月	time
58	1709	1716	兩個二十四小時	time
58	2158	2166	禮拜二到禮拜六上	time
59	39	42	兩個月	time
59	159	161	七月	time
59	178	180	七月	time
59	490	492	七月	time
59	496	500	七月二十	time
59	1061	1065	十月二號	time
60	122	124	三年	time
60	130	132	三年	time
60	247	249	三年	time
60	592	595	5個月	time
61	6	9	林醫師	name
61	777	782	兩個禮拜2	time
61	912	915	李醫師	name
61	1175	1178	林醫師	name
62	76	79	兩個月	time
62	95	98	兩個月	time
62	584	587	前一年	time
62	880	883	三個月	time
63	115	117	小美	name
63	224	227	兩個月	time
63	247	250	四個月	time
63	261	264	七個月	time
63	401	405	兩個禮拜	time
63	411	415	兩個禮拜	time
63	612	614	浩克	name
63	812	814	浩克	name
63	873	878	9月28號	time
63	946	950	26今天	time
64	415	420	五月三十號	time
64	444	449	今天禮拜五	time
64	595	597	五月	time
64	601	607	五月三十一號	time
64	656	660	六月一號	time
64	665	669	六月一號	time
64	703	705	六月	time
64	706	710	六月一號	time
64	720	726	六月一號晚上	time
64	985	990	五、六、日	time
64	991	996	五、六、日	time
65	7	10	兩個月	time
65	109	112	十點鐘	time
65	138	141	兩個月	time
65	520	522	小櫻	name
65	824	826	姊姊	family
66	5	8	兩個月	time
66	141	143	瞌睡	profession
66	198	200	兩年	time
66	202	204	兩年	time
66	211	213	兩年	time
66	294	297	一年半	time
66	502	505	兩個月	time
67	237	240	兩個月	time
67	246	249	兩個月	time
67	256	259	兩個月	time
68	8	11	兩個月	time
68	175	178	兩個月	time
68	347	350	兩個月	time
69	205	208	兩個月	time
69	1099	1101	今年	time
69	1621	1626	一個月二十	time
70	280	284	兩個月1	time
70	293	296	兩個月	time
70	303	307	兩個月1	time
70	409	414	6月10日	time
70	448	453	早上6點前	time
70	483	488	晚上6點前	time
70	737	741	晚上6點	time
70	926	934	24小時24小時	time
70	1004	1007	1個月	time
70	1025	1029	LINE	contact
71	9	12	兩個月	time
71	79	82	兩個月	time
71	213	216	兩個月	time
71	329	331	兩年	time
71	1953	1955	瘩。	profession
72	58	62	LINE	contact
72	385	387	小美	name
72	430	433	兩個月	time
72	560	562	小美	name
72	588	591	兩個月	time
72	686	688	紐約	location
72	744	746	3月	time
72	1031	1033	紐約	location
72	1646	1650	LINE	contact
72	1945	1948	兩個月	time
72	1966	1970	兩個月三	time
72	2412	2415	3月份	time
72	2454	2457	3月份	time
72	2469	2474	上個禮拜五	time
72	2828	2830	小美	name
72	3397	3399	小美	name
73	145	147	小美	name
73	188	191	兩年半	time
73	196	199	兩年半	time
73	235	238	4月份	time
73	243	245	兩年	time
73	496	501	北韓的醫院	location
73	815	819	一個月六	time
73	910	913	211	med_exam
73	916	921	21111	med_exam
74	62	65	兩個月	time
74	299	303	3月7號	time
74	332	336	去年年初	time
74	340	342	一月	time
75	12	15	兩個月	time
75	65	68	兩個月	time
76	185	188	兩個月	time
76	798	800	臉書	contact
76	807	809	臉書	contact
76	813	815	臉書	contact
76	822	824	臉書	contact
77	573	577	兩個禮拜	time
77	591	594	兩個月	time
77	859	863	兩個禮拜	time
77	1015	1019	１個禮拜	time
77	1096	1098	六日	time
77	1101	1103	六日	time
77	1107	1109	六日	time
77	1397	1400	３個月	time
77	1404	1407	９個月	time
77	1528	1532	ＬＩＮＥ	contact
77	1872	1876	ＬＩＮＥ	contact
77	2042	2046	ＬＩＮＥ	contact
77	2181	2184	兩三天	time
77	2337	2341	ＬＩＮＥ	contact
78	90	94	16小時	time
78	955	958	70分	med_exam
78	1014	1017	70分	med_exam
78	1020	1023	80分	med_exam
79	55	58	五月份	time
79	64	67	五月份	time
79	68	72	五六七八	med_exam
79	74	78	六七八九	med_exam
79	81	84	六月份	time
79	87	95	五月份下單六月份	time
79	99	104	五六七八九	time
79	111	115	4月12	time
79	130	134	4月12	time
79	140	143	五月份	time
79	150	154	4月12	time
79	155	158	180	med_exam
79	165	171	四五六七八九	med_exam
79	176	179	6個月	time
79	255	257	9月	time
79	269	271	4月	time
79	384	386	泰國	location
79	449	453	三個禮拜	time
79	564	566	泰國	location
79	572	576	1700	med_exam
79	582	585	900	money
79	769	774	2020年	time
79	793	798	2020年	time
79	802	804	4月	time
79	809	811	4月	time
79	836	838	兩年	time
79	1506	1511	2020年	time
79	1727	1729	五年	time
79	2136	2139	三個月	time
79	2170	2173	3個月	time
79	2179	2191	三個月三個月三個月三個月	time
79	2254	2257	三個月	time
79	2500	2503	三個月	time
80	19	21	兩年	time
80	29	31	兩年	time
80	338	340	瘙癢	profession
82	192	196	一天禮拜	time
82	197	202	今天禮拜四	time
82	217	220	禮拜六	time
82	222	225	禮拜五	time
82	428	431	禮拜六	time
82	444	447	禮拜六	time
82	485	490	禮拜五晚上	time
82	575	579	7月1號	time
82	584	588	7月1號	time
82	629	635	兩個24小時	time
83	101	104	三百二	med_exam
83	122	127	9月20號	time
83	129	132	20號	time
83	192	195	3個月	time
83	201	204	3個月	time
83	244	247	四個月	time
83	305	307	嘉義	location
83	320	322	嘉義	location
83	333	335	嘉義	location
83	349	351	嘉義	location
83	368	370	嘉義	location
83	782	785	呂學姐	name
83	1071	1074	呂小姐	name
83	1450	1453	920	med_exam
83	1455	1458	920	med_exam
83	1465	1467	四週	time
83	1470	1472	四週	time
83	1533	1536	12月	time
83	1653	1658	2週到6週	time
83	1673	1679	前2週到6週	time
83	1741	1743	18	med_exam
83	1833	1837	三個禮拜	time
83	1854	1856	18	med_exam
83	1904	1906	18	med_exam
83	1928	1933	2週到6週	time
83	1966	1969	兩個月	time
84	955	959	7778	med_exam
84	1098	1100	8年	time
84	1539	1545	7800多塊	money
84	1558	1562	7800	med_exam
84	1637	1642	30000	money
84	1654	1660	30000塊	money
84	1696	1701	30000	money
84	1959	1961	十年	time
85	176	179	3月底	time
85	185	188	3月底	time
85	773	775	7年	time
85	790	792	7年	time
85	987	990	王醫師	name
85	1449	1452	王醫師	name
85	1585	1588	王醫師	name
85	1746	1749	王醫師	name
85	2016	2019	8年前	time
85	2380	2384	７月５號	time
85	2396	2399	２６號	time
85	2418	2421	２６號	time
86	143	145	外公	family
86	148	150	外公	family
86	180	182	外公	family
86	194	196	外公	family
86	372	374	下午	time
87	435	437	18	med_exam
87	439	444	今天禮拜三	time
87	446	449	禮拜五	time
87	461	464	禮拜五	time
87	479	481	下午	time
87	647	652	8月21號	time
87	707	710	禮拜三	time
87	755	760	8月22號	time
87	773	778	8月22號	time
87	811	816	禮拜四晚上	time
87	825	829	下午4點	time
87	849	852	23號	time
87	861	864	23號	time
88	6	9	兩個月	time
88	40	43	兩個月	time
88	62	64	昨天	time
88	73	75	昨天	time
88	82	86	今天早上	time
88	123	125	昨天	time
88	785	789	5月24	time
88	793	798	5月24號	time
88	814	818	6月3號	time
88	820	822	紐約	location
88	829	833	6月3號	time
88	834	836	紐約	location
88	892	894	紐約	location
88	895	898	曼哈頓	location
88	904	906	紐約	location
88	907	910	曼哈頓	location
88	944	948	50分鐘	time
88	983	985	周末	time
89	595	598	三個月	time
89	611	614	三個月	time
89	656	660	三個禮拜	time
89	849	852	兩個月	time
90	11	14	兩個月	time
90	51	55	第二個月	time
90	971	973	大阪	location
90	980	983	櫻花道	location
90	1517	1520	第三天	time
90	1709	1713	8月12	time
90	1721	1724	12號	time
91	15	19	前二個月	time
91	165	169	前兩個月	time
91	178	182	前兩個月	time
91	195	198	兩個月	time
91	1034	1039	8月19號	time
91	1043	1046	19號	time
92	56	58	下午	time
92	98	100	下午	time
92	274	278	第三個月	time
92	339	343	4月27	time
92	534	538	第三個月	time
92	539	543	第二個月	time
92	555	559	第三個月	time
92	629	633	8月1號	time
92	751	757	Grindr	contact
92	773	779	Grindr	contact
92	781	787	Grindr	contact
92	798	804	Grindr	contact
92	869	875	Grindr	contact
92	1601	1605	8月21	time
92	1609	1613	8月2號	time
92	1617	1620	821	med_exam
92	1659	1662	821	med_exam
93	48	51	三個月	time
93	53	56	七公斤	med_exam
93	113	115	三年	time
93	140	143	這三年	time
93	497	499	箝制	profession
93	537	539	箝制	profession
93	548	550	箝制	profession
93	1018	1023	5月28日	time
93	1196	1200	300塊	money
93	1242	1250	250、230塊	money
93	1857	1861	十二個月	time
93	1868	1872	十二個月	time
93	1986	1989	五個月	time
94	1403	1409	九十幾九十幾	med_exam
94	1651	1654	兩個月	time
94	2150	2153	五百塊	money
94	2180	2182	兩千	money
94	2323	2325	泰國	location
94	2490	2492	兩年	time
94	2681	2684	五千塊	money
94	2685	2690	五千五百塊	money
94	3271	3273	泰國	location
94	3607	3609	泰國	location
94	3799	3801	泰國	location
94	3817	3819	泰國	location
94	3832	3834	泰國	location
94	3842	3846	600塊	money
94	3852	3855	那千萬	money
94	4261	4263	小美	name
94	4298	4300	小美	name
94	4325	4329	上上個月	time
94	4353	4355	小美	name
94	4388	4392	上上個月	time
94	4548	4556	200、250塊	money
94	4726	4731	下下個禮拜	time
94	4796	4800	下下禮拜	time
95	16	19	十個月	time
95	557	560	兩個月	time
95	681	684	十個月	time
95	717	719	小美	name
95	749	752	兩個月	time
95	763	771	六月十四日禮拜二	time
95	782	787	五月十八號	time
95	796	800	二十八天	time
95	832	837	禮拜二早上	time
95	969	973	五百多塊	money
95	1008	1011	一萬五	money
95	1074	1076	五千	money
95	1077	1080	五千五	money
95	1144	1146	泰國	location
95	1190	1193	一千八	money
95	1257	1259	兩年	time
95	1260	1263	兩三年	time
95	1295	1299	2023	med_exam
95	1300	1304	2024	med_exam
96	75	77	兩年	time
96	157	161	2000	money
96	207	211	2000	money
96	492	494	台東	location
96	504	506	台東	location
96	511	513	台東	location
96	519	521	台東	location
96	533	535	紐約	location
96	868	874	Grindr	contact
96	875	881	Grindr	contact
96	1825	1829	2000	money
96	1931	1935	兩個禮拜	time
96	1957	1959	泰國	location
96	2409	2413	2000	money
96	2438	2442	2000	money
96	2733	2735	六月	time
96	2750	2759	6月15號到28號	time
96	3036	3041	美國在英國	location
96	3042	3044	澳洲	location
97	12	16	第二個月	time
97	183	185	昨天	time
97	190	192	昨天	time
97	331	334	三個月	time
97	1032	1035	三四天	time
97	1074	1077	三四天	time
97	1394	1400	一天兩天三天	time
97	1729	1733	一天兩天	time
97	1917	1919	淆的	profession
98	468	470	小明	name
98	1135	1138	五個月	time
98	1154	1157	五個月	time
98	1164	1168	6月14	time
98	1175	1179	6月14	time
98	1224	1226	小美	name
99	127	132	1986年	time
99	140	145	九十九點五	med_exam
99	343	346	兩個月	time
99	360	364	五百多塊	money
99	368	371	一千五	money
99	568	571	兩個月	time
99	1173	1176	林醫師	name
99	2344	2350	十年、二十年	time
99	2390	2393	四十歲	time
99	2755	2758	三個月	time
99	2765	2770	三個月試試	time
99	2913	2916	三個月	time
99	3050	3055	兩個禮拜零	time
99	3124	3126	兩年	time
99	3131	3133	兩年	time
99	3143	3147	一百二十	med_exam
99	3154	3156	兩年	time
100	467	469	兩年	time
100	1396	1400	第四個月	time
100	1451	1456	5月30號	time
100	1578	1584	今天第四個月	time
101	203	207	今天早上	time
101	658	663	今天禮拜四	time
101	676	679	禮拜四	time
101	1318	1322	九月五號	time
101	1326	1330	九月五號	time
101	1414	1418	兩個禮拜	time
102	6	9	兩個月	time
102	208	211	兩個月	time
102	1324	1328	第七個月	time
102	1334	1338	第七個月	time
102	1361	1364	下半年	time
102	1443	1445	東京	location
102	1505	1508	前幾年	time
102	1509	1511	今年	time
102	1569	1572	十二天	time
102	1721	1725	六千多塊	money
102	1740	1743	一萬八	money
102	1744	1747	六千多	money
102	1777	1780	六千塊	money
102	1803	1806	一萬八	money
102	1818	1821	一萬八	money
102	1837	1840	六千多	money
102	1850	1853	六千多	money
102	1871	1874	六千多	money
102	1887	1890	一萬八	money
102	1930	1933	六千多	money
102	1977	1980	六千多	money
102	2029	2031	泰國	location
102	2039	2041	泰國	location
102	2300	2302	東京	location
102	2341	2343	九百	med_exam
102	2412	2414	東京	location
102	2422	2426	東京醫院	location
102	2440	2443	宇智波	location
102	2516	2518	東京	location
102	2553	2557	第七個月	time
102	2575	2578	五個月	time
102	2609	2612	兩個月	time
102	2684	2692	下個月、下下個月	time
102	2962	2966	十二個月	time
102	3073	3076	泰國學	location
102	3133	3135	泰國	location
103	11	14	兩個月	time
103	28	30	兩年	time
103	826	830	兩三個月	time
103	927	931	前幾個月	time
103	1959	1962	第三天	time
103	1977	1980	前兩天	time
103	2377	2380	第三天	time
103	2495	2498	兩個月	time
103	2850	2853	下禮拜	time
103	2854	2857	下個月	time
103	2875	2879	下下個月	time
103	3205	3209	9月13	time
103	3213	3217	9月13	time
104	39	43	三個禮拜	time
104	97	99	三月	time
104	105	107	四月	time
104	130	132	四月	time
104	1121	1123	高雄	location
104	1202	1204	台東	location
104	1216	1219	加路蘭	location
104	1227	1230	小野柳	location
104	1238	1241	小野柳	location
104	1245	1248	小野柳	location
104	1319	1322	六個月	time
104	1432	1434	三月	time
104	1452	1454	七月	time
104	2184	2189	十年二十年	time
104	2530	2534	二十年前	time
104	3038	3040	九月	time
104	3051	3053	九月	time
104	3074	3077	五個月	time
104	3079	3084	九月二十號	time
104	3092	3097	九月二十號	time
104	3100	3103	禮拜三	time
104	3112	3117	禮拜三上午	time
104	3132	3137	早一個禮拜	time
104	3156	3161	早一個禮拜	time
104	3176	3178	八月	time
104	3184	3187	八月底	time
104	3326	3331	早一個禮拜	time
104	3359	3364	晚上七點半	time
104	3381	3386	禮拜六早上	time
105	44	46	五月	time
105	55	57	五月	time
105	318	320	台東	location
105	881	883	六月	time
105	887	889	六月	time
105	897	899	五月	time
105	905	909	1.09	med_exam
105	1266	1268	小明	name
105	1474	1476	五月	time
105	1478	1484	五六七八九十	med_exam
105	1533	1536	今天年	time
105	1653	1656	十年前	time
105	1863	1867	1984	med_exam
105	1868	1870	85	med_exam
105	1904	1906	85	med_exam
105	1926	1928	82	med_exam
105	1951	1953	84	med_exam
105	1954	1956	85	med_exam
106	298	302	上上個月	time
106	308	312	上上個月	time
106	321	325	上上個月	time
106	456	458	六月	time
106	461	468	這個月和上個月	time
106	490	492	三月	time
106	508	510	四月	time
106	515	517	四月	time
106	522	526	4月29	time
106	536	538	四月	time
106	618	620	四月	time
106	775	779	下下禮拜	time
106	840	843	三個月	time
106	968	971	兩個月	time
106	983	986	兩個月	time
106	1004	1008	三個禮拜	time
106	1110	1114	下下禮拜	time
106	1116	1120	下下禮拜	time
106	1121	1125	Line	contact
107	138	142	三個禮拜	time
107	208	212	這個月底	time
107	322	326	十月二號	time
107	821	825	上上個月	time
107	1028	1032	上上個月	time
107	1488	1490	昨天	time
107	1592	1595	下個月	time
107	1668	1671	兩個月	time
107	1721	1723	小美	name
107	2109	2112	兩個月	time
107	2223	2226	三個月	time
108	459	461	三年	time
108	466	468	三年	time
108	484	486	三年	time
108	529	531	6年	time
108	551	553	4年	time
108	879	882	兩個月	time
108	941	945	6000	money
108	961	965	6000	money
108	1090	1093	兩個月	time
108	1102	1105	12月	time
108	1117	1120	12月	time
108	1145	1148	12月	time
108	1190	1193	兩個月	time
108	1202	1205	12月	time
108	1211	1214	12月	time
108	1224	1227	12月	time
108	1243	1246	12月	time
108	1330	1341	禮拜二下午或禮拜三早上	time
108	1694	1697	12月	time
108	1702	1707	12月15	time
108	1717	1720	12月	time
108	1722	1726	12月底	time
108	1840	1843	12月	time
108	1845	1849	12月底	time
108	1855	1858	禮拜三	time
108	1871	1874	禮拜三	time
108	1880	1885	禮拜四早上	time
108	1886	1891	禮拜二下午	time
108	2010	2013	木葉診	location
108	2024	2026	木葉	location
108	2030	2033	木葉路	location
108	2048	2050	木葉	location
108	2055	2058	木葉路	location
108	2080	2084	小櫻醫師	name
108	2115	2118	禮拜二	time
108	2123	2126	禮拜二	time
108	2130	2135	12月15	time
108	2146	2148	下午	time
108	2156	2158	下午	time
108	2207	2212	禮拜三下午	time
108	2219	2224	禮拜三下午	time
108	2232	2239	這禮拜，禮拜六	time
108	2246	2249	禮拜六	time
108	2280	2282	木葉	location
108	2283	2285	木葉	location
108	2291	2293	木葉	location
108	2369	2372	12月	time
108	2374	2378	12月底	time
108	2474	2477	禮拜三	time
108	2480	2483	12月	time
108	2495	2497	下午	time
108	2522	2524	15	med_exam
108	2526	2528	17	med_exam
108	2532	2535	禮拜二	time
108	2539	2542	禮拜三	time
108	2545	2550	禮拜二下午	time
108	2583	2585	下午	time
108	2690	2693	26歲	time
108	2773	2775	木葉	location
108	2781	2784	木葉診	location
109	432	435	兩個月	time
109	1053	1056	兩三天	time
109	1681	1685	第三個月	time
109	1736	1740	6月19	time
109	1750	1754	6月19	time
109	1757	1761	6月19	time
110	79	81	周末	time
110	92	94	周末	time
110	110	112	周末	time
110	1470	1474	第七個月	time
111	56	59	8個月	time
111	195	199	下下禮拜	time
111	215	222	禮拜三或禮拜四	time
111	250	255	禮拜三下午	time
111	258	263	禮拜三下午	time
111	466	469	三十億	med_exam
111	1239	1242	8個月	time
111	1259	1262	4個月	time
112	12	15	林小傑	name
112	52	55	張小姐	name
112	141	144	十三號	time
112	182	186	四月十三	time
112	203	207	四月十三	time
112	248	251	張小姐	name
112	316	319	張小姐	name
112	594	599	三個禮拜前	time
112	614	617	四月初	time
112	632	638	三月底四月初	time
112	767	769	三月	time
112	807	809	三月	time
112	918	925	四月的上半個月	time
112	1300	1304	兩個禮拜	time
112	1309	1313	兩個禮拜	time
112	1548	1551	張小姐	name
112	1695	1699	兩個禮拜	time
112	1703	1707	兩個禮拜	time
112	1715	1719	兩個禮拜	time
112	1779	1785	一個月一個月	time
112	1786	1794	一個禮拜一個禮拜	time
112	1877	1881	兩個禮拜	time
112	2204	2208	今天早上	time
112	2409	2414	四月二十號	time
112	2604	2609	四月十二號	time
112	2610	2613	十六號	time
112	2620	2624	二十五號	time
112	2669	2673	兩個禮拜	time
112	2729	2733	三個禮拜	time
112	2827	2831	五月十號	time
112	2979	2982	五月初	time
112	2989	2993	下下禮拜	time
112	3019	3022	四個月	time
112	4524	4527	四月底	time
112	4535	4537	五月	time
112	4792	4796	第七個月	time
112	4823	4827	今天早上	time
112	5006	5008	三萬	money
112	5150	5153	七千塊	money
112	5213	5216	兩千八	money
112	5760	5763	八個月	time
112	6472	6475	三個月	time
112	6546	6548	七月	time
112	6552	6554	七月	time
112	6565	6568	陳小龍	name
112	6623	6626	五個月	time
112	6668	6671	張小姐	name
112	6765	6768	張小姐	name
112	7057	7059	台中	location
112	7068	7070	彰化	location
112	7074	7076	彰化	location
112	7085	7087	台中	location
112	7105	7107	台中	location
112	7177	7182	六月二十三	time
112	7198	7200	下午	time
112	7205	7207	下午	time
112	7209	7214	禮拜五下午	time
112	7245	7249	六月四號	time
112	7256	7258	五號	time
112	7259	7262	十八號	time
112	7285	7290	兩個禮拜前	time
113	56	60	這三個月	time
113	125	128	陳小姐	name
113	156	158	昨天	time
113	254	258	今天禮拜	time
113	584	591	今年五月滿四年	time
113	608	610	三年	time
113	711	713	榮總	location
113	859	861	榮總	location
113	1247	1250	陳小姐	name
113	1551	1554	十個月	time
113	1584	1587	下個月	time
113	1597	1604	下個月五月十五	time
114	31	40	第二個月、第三個月	time
114	58	62	第三個月	time
114	494	498	七、八年	time
114	972	975	王醫師	name
114	993	995	七月	time
114	1024	1027	王醫師	name
114	1057	1062	七月、九月	time
114	1073	1076	兩個月	time
114	1112	1115	十一月	time
114	1175	1177	七月	time
114	1186	1189	六十三	time
114	1194	1196	一月	time
114	1220	1222	一月	time
114	1272	1275	兩個月	time
114	1290	1295	11月21	time
114	1298	1301	12月	time
114	1309	1312	兩個月	time
114	1315	1318	兩個月	time
114	1361	1364	6個月	time
114	1388	1391	兩個月	time
114	1392	1395	六個月	time
114	1402	1404	七月	time
114	1427	1429	9月	time
114	1433	1436	10月	time
114	1449	1451	1月	time
114	1713	1716	26歲	time
114	1918	1920	5年	time
114	1945	1947	5年	time
114	1998	2000	5年	time
114	2216	2219	3個月	time
114	2238	2241	3個月	time
114	2295	2298	下個月	time
114	2321	2324	3個月	time
114	2436	2439	十一月	time
114	2448	2450	4週	time
114	2452	2457	11月7號	time
114	2461	2466	11月7號	time
114	2476	2481	禮拜六下午	time
114	2507	2512	禮拜六下午	time
114	2521	2524	禮拜二	time
114	2532	2537	禮拜二早上	time
114	2549	2555	11月10號	time
114	2570	2578	11月10號早上	time
114	2988	2993	早一個禮拜	time
114	3000	3003	前一週	time
114	3100	3104	1個禮拜	time
114	3118	3124	第一個月天天	time
114	3238	3240	下午	time
114	3369	3372	1個月	time
115	67	70	張小姐	name
115	78	81	張小姐	name
115	162	164	三年	time
115	1298	1302	四個月前	time
115	1308	1312	四個月前	time
115	2336	2338	曡上	profession
115	3509	3514	2015年	time
115	3595	3598	513	med_exam
115	3615	3618	513	med_exam
115	3634	3637	兩千多	money
115	3649	3651	兩萬	money
115	3705	3709	12個月	time
115	3817	3820	一年份	time
115	3868	3871	三個月	time
115	3878	3881	三個月	time
115	4175	4180	2100塊	money
115	4213	4217	500多	money
115	4219	4222	三個月	time
115	4232	4239	500，400	money
115	4240	4243	500	money
115	4271	4275	400多	money
115	4312	4317	1200塊	money
115	4427	4431	SARS	clinical_event
115	4589	4591	99	med_exam
115	4830	4833	三個月	time
115	4857	4860	三個月	time
115	4883	4886	三個月	time
115	4890	4893	三個月	time
115	5047	5054	下個禮拜三下午	time
115	5077	5090	禮拜三下午、四早上、五早上	time
115	5272	5283	三下午、四早上、五早上	time
115	5333	5336	三下午	time
115	5351	5355	下個禮拜	time
115	5402	5406	下個禮拜	time
115	5427	5430	下禮拜	time
115	5472	5475	第二月	time
115	5580	5583	下禮拜	time
115	5596	5600	下個禮拜	time
115	5611	5616	8月11號	time
115	5622	5625	8月初	time
116	61	63	周末	time
116	91	94	周末上	time
116	1634	1636	2年	time
116	2304	2307	下禮拜	time
116	2342	2345	下禮拜	time
116	2365	2370	禮拜二早上	time
116	2428	2431	下個月	time
116	2432	2437	10月7號	time
116	2452	2455	五個月	time
116	2573	2575	爸爸	family
116	2824	2828	下禮拜三	time
116	2845	2850	禮拜二早上	time
117	927	929	1號	time
117	1901	1906	2年3個月	time
117	1918	1921	3個月	time
117	1924	1926	3年	time
117	1933	1935	3年	time
117	2197	2201	4月26	time
117	2210	2213	7月底	time
117	2230	2233	7月底	time
117	2385	2388	下個月	time
117	2507	2511	8月8號	time
117	2575	2580	禮拜5早上	time
117	2590	2592	高雄	location
118	1462	1465	第三天	time
118	3515	3518	九十五	med_exam
118	3616	3619	下禮拜	time
118	3732	3738	下禮拜一早上	time
118	3745	3751	下禮拜一早上	time
118	3757	3768	下禮拜約禮拜二，禮拜二	time
118	3793	3798	禮拜三下午	time
118	3802	3807	禮拜三下午	time
118	3827	3832	禮拜二早上	time
118	3838	3841	禮拜二	time
118	3849	3855	十月十五早上	time
119	173	176	上個月	time
119	203	206	12月	time
119	223	226	兩個月	time
119	331	333	8月	time
119	343	346	10月	time
119	378	380	小明	name
119	1076	1079	8個月	time
119	1096	1100	10月初	time
119	1128	1130	台中	location
119	1136	1138	彰化	location
119	1143	1145	彰化	location
119	1173	1177	彰化醫院	location
119	1216	1221	陳明明醫師	name
119	1250	1255	陳明明醫師	name
120	52	55	上禮拜	time
120	454	457	142	med_exam
120	633	638	台大經濟系	education
120	805	810	三井壽醫師	name
120	830	833	三井壽	location
120	997	1000	王小明	name
120	1026	1029	王醫師	name
120	1122	1125	9月底	time
120	1139	1142	12周	time
120	1204	1209	9月28號	time
120	1214	1219	10月2號	time
121	104	106	台大	location
121	148	152	今天早上	time
121	233	235	台大	location
121	463	468	林達陽醫師	name
121	509	511	台大	location
121	697	701	一個半月	time
121	704	707	兩個月	time
121	728	730	六月	time
121	735	737	8月	time
121	739	743	8月9號	time
121	746	749	兩個月	time
121	1082	1087	一個禮拜前	time
121	1105	1107	台大	location
121	1204	1207	許醫師	name
121	1220	1223	李醫師	name
121	1231	1234	李醫師	name
121	1245	1247	台大	location
121	1399	1403	台大醫院	location
121	1410	1412	台大	location
121	1432	1434	台大	location
121	1463	1465	台登	location
121	1483	1487	3903	med_exam
121	1559	1565	禮拜三的上午	time
121	1566	1569	禮拜三	time
121	1570	1572	下午	time
121	1576	1582	禮拜三的上午	time
121	1583	1585	下午	time
121	1600	1604	上午下午	time
121	1817	1822	仙道彰醫師	name
121	1824	1829	仙道彰醫師	name
121	1839	1844	仙道彰醫師	name
121	1850	1853	仙醫師	name
121	1862	1865	仙醫師	name
121	1870	1873	禮拜四	time
121	1881	1884	禮拜三	time
121	1889	1892	禮拜三	time
121	2017	2020	仙醫師	name
122	162	164	嚏。	profession
122	169	171	嚏。	profession
122	526	529	150	med_exam
122	694	696	爺爺	family
122	719	723	140幾	med_exam
122	727	731	220幾	med_exam
122	825	828	500	money
122	972	978	10月20號	time
123	3	5	小明	name
123	22	25	7.2	med_exam
123	89	94	5月18號	time
123	97	100	7.2	med_exam
123	190	195	937.4	med_exam
123	206	209	937	med_exam
123	271	275	0.77	med_exam
123	305	307	43	med_exam
123	540	542	74	med_exam
123	547	549	74	med_exam
123	562	564	74	med_exam
123	581	584	180	med_exam
123	588	591	180	med_exam
123	592	594	74	med_exam
123	643	645	74	med_exam
123	651	653	74	med_exam
123	655	658	1.8	med_exam
123	674	677	1.8	med_exam
123	679	683	22.8	med_exam
123	757	759	台東	location
123	763	765	台東	location
123	841	843	85	med_exam
123	849	851	85	med_exam
123	857	861	90公分	med_exam
123	893	899	125、78	med_exam
124	137	141	金星眼科	location
124	145	149	公園眼科	location
124	155	159	公園眼科	location
124	1971	1973	3年	time
124	1976	1978	3年	time
124	2010	2013	屋醫師	name
124	2022	2025	屋醫師	name
124	2310	2312	6年	time
124	2317	2319	5年	time
124	2323	2325	5年	time
124	2549	2552	6個月	time
124	2585	2588	三個月	time
124	2678	2681	禮拜六	time
124	2768	2771	五分鐘	time
124	2853	2856	三個月	time
124	3465	3467	今年	time
124	3935	3937	明年	time
124	3946	3948	明年	time
124	3982	3985	3個月	time
124	4419	4429	0945678393	contact
125	240	245	11100	med_exam
125	561	564	下禮拜	time
125	565	568	下禮拜	time
125	589	593	下下禮拜	time
125	602	605	下禮拜	time
125	621	625	下禮拜五	time
125	653	656	3個月	time
126	14	20	7⋯⋯780	med_exam
126	66	71	1000多	money
126	183	186	水餃店	profession
126	437	441	高雄大學	location
126	626	628	68	med_exam
126	645	648	149	med_exam
126	732	736	1500	med_exam
126	849	852	780	med_exam
126	968	972	300塊	money
126	1060	1062	15	med_exam
126	1199	1203	第二個月	time
126	1287	1290	禮拜三	time
126	1299	1302	禮拜三	time
126	1316	1319	禮拜三	time
126	1327	1330	禮拜三	time
126	1386	1390	4個禮拜	time
126	1413	1416	禮拜五	time
126	1417	1421	四個禮拜	time
126	1426	1429	下個月	time
126	1452	1455	禮拜五	time
126	1478	1482	4個禮拜	time
126	1483	1486	1個月	time
126	1515	1517	三週	time
126	1518	1521	三個月	time
126	1581	1584	300	money
126	1678	1681	下個月	time
126	1687	1690	禮拜五	time
126	1708	1711	禮拜五	time
126	1712	1714	下午	time
126	1721	1728	禮拜三和禮拜五	time
126	1729	1731	下午	time
127	249	252	123	med_exam
127	335	339	兩個禮拜	time
127	376	379	三個月	time
127	661	666	前3個禮拜	time
127	672	677	前幾個禮拜	time
127	687	689	兩周	time
127	994	997	下禮拜	time
127	1241	1246	下下個禮拜	time
128	38	40	昨天	time
128	61	65	37．6	med_exam
128	89	93	36．4	med_exam
128	99	103	36．4	med_exam
128	1339	1344	昨天、昨天	time
128	1393	1397	兩個禮拜	time
128	1588	1595	189、129	med_exam
128	1645	1649	下個禮拜	time
128	2080	2084	兩個禮拜	time
128	2115	2119	兩個禮拜	time
128	2225	2228	下禮拜	time
128	2239	2243	下下禮拜	time
128	2679	2682	禮拜五	time
128	2683	2687	4個禮拜	time
128	2692	2696	4個禮拜	time
128	2710	2713	1個月	time
128	2764	2766	昨天	time
128	2773	2777	37點多	med_exam
128	2782	2786	37．7	med_exam
128	3074	3078	兩個禮拜	time
128	3084	3086	下午	time
128	3132	3136	6667	ID
128	3266	3269	禮拜三	time
128	3278	3283	7月13號	time
129	4	6	櫻木	name
129	156	160	50．9	med_exam
129	161	165	39．3	med_exam
129	213	217	50．9	med_exam
129	226	230	50．9	med_exam
129	348	351	七八十	med_exam
129	364	368	41．3	med_exam
129	384	387	1．7	med_exam
129	389	392	1．1	med_exam
129	560	564	51點多	med_exam
129	720	724	51．8	med_exam
129	848	851	三個月	time
129	858	861	三個月	time
129	874	877	三個月	time
129	928	931	三個月	time
129	938	941	三個月	time
129	955	958	三個月	time
129	977	983	10月15號	time
129	1327	1329	三年	time
129	1384	1386	爺爺	family
129	1610	1614	49公斤	med_exam
129	1628	1631	171	med_exam
129	1646	1649	171	med_exam
129	1650	1653	156	med_exam
129	1657	1660	156	med_exam
129	1666	1669	171	med_exam
130	3	5	小明	name
130	190	192	小明	name
130	214	219	5月23號	time
130	477	479	小明	name
130	488	493	5月27號	time
130	566	569	242	med_exam
130	570	573	242	med_exam
130	579	582	199	med_exam
130	738	742	兩個禮拜	time
130	775	779	兩個禮拜	time
130	801	805	兩個禮拜	time
130	930	933	3個月	time
130	991	993	櫻木	name
130	1062	1067	9月24號	time
131	163	165	桃園	location
131	197	199	桃園	location
131	309	311	台北	location
131	392	394	小美	name
131	396	398	小明	name
131	462	464	下午	time
131	562	567	4月16號	time
131	577	580	270	med_exam
131	589	592	三百多	med_exam
131	639	641	85	med_exam
131	647	649	85	med_exam
131	717	719	小明	name
131	731	733	桃園	location
131	766	768	姊姊	family
131	785	792	禮拜四和禮拜五	time
131	809	812	禮拜五	time
131	867	870	禮拜五	time
131	883	890	禮拜一到禮拜三	time
131	931	933	桃園	location
132	66	69	8.5	med_exam
132	136	138	59	med_exam
132	144	146	59	med_exam
132	151	154	9.2	med_exam
132	159	162	9.2	med_exam
132	270	273	曹醫師	name
132	305	312	高雄的高醫醫院	location
132	362	365	林醫師	name
132	678	681	林醫師	name
132	1270	1275	3000塊	money
132	1399	1403	6500	money
132	1445	1448	85分	med_exam
132	1469	1473	0.66	med_exam
132	1611	1615	三個禮拜	time
132	1656	1659	龔醫師	name
132	1796	1798	87	med_exam
132	1803	1805	87	med_exam
132	1811	1813	87	med_exam
132	2056	2059	林醫師	name
133	50	54	6月23	time
133	78	82	0.75	med_exam
133	92	95	168	med_exam
133	104	107	105	med_exam
133	115	117	88	med_exam
134	5	10	6月30號	time
134	45	48	7.2	med_exam
134	289	292	15年	time
134	430	433	7.2	med_exam
134	506	512	12月15號	time
134	574	576	下午	time
134	581	584	禮拜三	time
134	590	593	禮拜三	time
134	598	605	禮拜一或禮拜二	time
134	606	608	下午	time
134	614	617	禮拜三	time
134	626	629	禮拜三	time
134	636	639	禮拜三	time
134	655	658	禮拜三	time
134	707	710	禮拜三	time
134	719	721	彰化	location
134	802	808	12月11號	time
135	273	276	310	med_exam
135	283	286	310	med_exam
135	485	488	180	med_exam
135	490	493	310	med_exam
135	503	505	螃蟹	profession
135	512	514	螃蟹	profession
135	524	526	螃蟹	profession
135	548	550	螃蟹	profession
135	740	743	9.6	med_exam
135	770	773	9.6	med_exam
135	889	891	下午	time
135	895	897	下午	time
135	1617	1620	上個月	time
135	1626	1629	上個月	time
135	1633	1636	上個月	time
135	1637	1641	前三個月	time
135	1652	1655	160	med_exam
135	1656	1660	65公斤	med_exam
135	1745	1749	65.2	med_exam
135	1753	1757	65.2	med_exam
136	540	542	昨天	time
136	548	551	兩三天	time
136	664	668	上個禮拜	time
136	734	738	10.6	med_exam
136	755	759	0.45	med_exam
136	828	831	黃醫師	name
136	1018	1021	林醫師	name
136	1483	1486	林醫師	name
137	48	51	361	med_exam
137	772	777	1000多	money
137	785	789	1600	med_exam
137	1288	1291	黃國倫	name
137	1326	1329	黃醫師	name
137	1340	1343	黃醫師	name
138	9	13	上上禮拜	time
138	259	262	三個月	time
138	449	451	85	med_exam
138	654	658	勝利國小	location
138	662	666	勝利國小	location
138	670	672	東區	location
138	685	687	下午	time
138	837	839	娜美	name
139	12	17	5月22號	time
139	27	30	280	med_exam
139	54	56	45	med_exam
139	66	70	100多	med_exam
139	79	82	145	med_exam
139	90	94	300多	money
139	100	104	200多	money
139	111	114	393	med_exam
139	129	132	393	med_exam
139	336	339	三個月	time
139	355	358	林醫師	name
139	416	418	十年	time
139	554	556	7年	time
139	566	568	7年	time
139	575	577	7年	time
139	601	603	7年	time
139	662	665	10年	time
139	1101	1103	下午	time
139	1172	1175	林醫師	name
140	69	72	上個月	time
140	80	83	上禮拜	time
140	85	88	上個月	time
140	226	229	765	med_exam
140	231	236	七百六十五	med_exam
140	287	292	七百六十五	med_exam
140	315	318	五十歲	time
141	189	191	金黃	time
141	302	307	9月11號	time
141	321	324	465	med_exam
141	379	382	465	med_exam
141	430	433	137	med_exam
141	506	509	兩三天	time
141	514	517	兩三天	time
141	668	670	今年	time
141	737	739	今年	time
141	1054	1056	姊姊	family
141	1076	1080	陽明醫院	location
141	1325	1329	陽明醫院	location
141	1351	1357	阿大次郎醫師	name
141	1359	1364	大次郎醫師	name
141	1447	1452	大次郎醫師	name
141	1491	1493	五年	time
141	1504	1506	今年	time
141	1508	1510	今年	time
141	1511	1513	五年	time
141	1599	1601	28	med_exam
141	1654	1660	10月19號	time
142	6	12	四月二十五號	time
142	30	33	452	med_exam
142	37	40	452	med_exam
142	62	68	52…452	med_exam
142	155	158	四百多	med_exam
142	163	166	413	med_exam
142	211	214	四百多	med_exam
142	772	774	五穀	time
142	837	839	五穀	time
142	1072	1075	今年時	time
142	1090	1092	今年	time
142	1094	1096	十月	time
142	1116	1119	十二月	time
142	1135	1140	12月1號	time
142	1347	1350	4年前	time
142	1674	1678	前87年	time
142	1720	1723	87年	time
142	1727	1730	二十年	time
142	1744	1748	二十五年	time
143	15	17	腴餒	profession
143	673	677	2017	med_exam
143	697	706	2017年8月25	time
143	1252	1255	許醫師	name
143	1378	1381	三個月	time
143	1384	1388	3800	money
143	1404	1408	3800	money
143	1422	1425	168	med_exam
143	2438	2441	林醫師	name
143	2451	2454	10月	time
143	2458	2461	10月	time
143	2466	2469	10月	time
143	2560	2563	三個月	time
144	52	57	7月13號	time
144	611	615	四個禮拜	time
144	620	624	四個禮拜	time
144	632	635	13天	time
144	937	940	五十歲	time
144	1005	1009	兩三個月	time
144	1015	1019	兩三個月	time
144	1052	1055	半個月	time
144	1185	1190	3月12號	time
144	1210	1214	1月7號	time
144	1225	1229	1月15	time
144	1242	1245	1月7	time
144	1246	1253	1月15的日期	time
144	1261	1264	26號	time
144	1299	1304	12月27	time
144	1321	1326	12月27	time
144	1333	1335	1月	time
144	1349	1352	1月7	time
144	1388	1392	1月17	time
144	1393	1397	1月29	time
144	1616	1620	5月27	time
144	1752	1754	高雄	location
144	1759	1762	77年	time
144	1764	1766	高雄	location
144	1783	1786	洛杉磯	location
144	1789	1792	新竹縣	location
144	1798	1801	新竹縣	location
144	1807	1810	新竹縣	location
144	1844	1846	新竹	location
144	1993	1996	火燒莊	location
144	2001	2003	四周	time
144	2013	2016	小林村	location
144	2019	2021	四周	time
144	2282	2285	三個月	time
144	2311	2314	三個月	time
144	2317	2320	三個月	time
145	8	12	上個禮拜	time
145	1092	1098	前面三個禮拜	time
145	1138	1142	三個禮拜	time
145	1163	1167	兩個禮拜	time
145	1359	1363	下下禮拜	time
146	30	34	這個月月	time
146	52	55	上個月	time
146	56	59	15號	time
146	62	65	雙十節	time
146	258	261	雙十節	time
146	286	288	昨天	time
146	430	432	拜拜	time
146	443	445	拜拜	time
146	511	514	兩個月	time
146	521	524	兩個月	time
146	571	577	11月17號	time
146	586	592	11月17號	time
146	604	610	11月17號	time
146	620	626	11月17號	time
146	635	638	十月底	time
146	879	883	十月十號	time
147	159	162	六七年	time
147	168	171	六七年	time
147	895	897	姑姑	family
147	904	906	姑姑	family
147	985	987	姑姑	family
147	1017	1019	姑姑	family
147	1059	1061	姑姑	family
147	1126	1129	兩三年	time
147	1134	1137	兩三年	time
147	1163	1166	兩年半	time
147	1181	1184	三年半	time
147	1202	1205	六月份	time
147	1214	1218	三十號上	time
147	1269	1272	林醫師	name
147	1378	1380	姑姑	family
147	1508	1511	林醫師	name
147	1538	1541	洪醫師	name
147	1549	1552	洪醫師	name
147	1957	1959	九月	time
147	1969	1972	五個月	time
147	1977	1980	五個月	time
147	2136	2143	五個月、五個月	time
147	2158	2161	五個月	time
147	2864	2868	一個月四	time
147	2869	2873	一個月四	time
148	35	38	278	med_exam
148	55	58	244	med_exam
148	116	120	7.89	med_exam
148	129	134	78900	med_exam
148	148	153	78900	med_exam
148	184	189	5月20號	time
148	214	219	兩個禮拜前	time
148	251	255	57.8	med_exam
148	260	265	278.3	med_exam
148	268	271	三個月	time
148	413	416	三個月	time
148	519	521	台北	location
148	816	819	兩個月	time
148	824	826	五月	time
148	838	840	五月	time
148	918	920	昨天	time
148	938	940	昨天	time
148	985	989	15號前	time
148	996	1000	15號前	time
148	1001	1004	12月	time
148	1015	1017	15	med_exam
148	1047	1049	8月	time
148	1062	1065	禮拜三	time
148	1083	1086	禮拜三	time
148	1102	1105	禮拜三	time
148	1127	1131	一個月前	time
148	1135	1139	兩個禮拜	time
148	1157	1159	8周	time
148	1162	1167	11月26	time
148	1171	1176	11月26	time
148	1186	1188	8周	time
148	1191	1194	兩個月	time
148	1311	1314	10號	time
148	1362	1365	兩個月	time
148	1378	1383	11月26	time
148	1405	1408	兩個月	time
148	1415	1417	8周	time
148	1422	1424	8周	time
148	1455	1459	6月20	time
149	277	279	竹科	location
149	1273	1275	兩周	time
149	1281	1283	兩周	time
149	1336	1341	前三四天上	time
149	1437	1439	兩周	time
149	1450	1452	兩周	time
149	1458	1460	兩周	time
149	1492	1496	下禮拜三	time
149	1640	1643	矽晶圓	profession
149	1650	1653	矽晶圓	profession
149	1801	1803	六日	time
149	1837	1839	兩周	time
149	1854	1857	禮拜三	time
149	1858	1862	下禮拜三	time
149	2206	2212	一歲八九個月	time
149	2914	2917	下下周	time
149	2926	2929	下下周	time
149	3162	3164	下午	time
149	3268	3271	五奈米	others
149	3288	3291	三奈米	others
149	3295	3298	三奈米	others
150	33	35	五月	time
150	48	51	546	med_exam
150	65	69	9月4號	time
150	266	268	三萬	money
150	269	276	三萬五、三萬六	money
150	370	375	10月29	time
150	461	463	73	med_exam
150	465	467	73	med_exam
150	468	470	74	med_exam
150	512	517	一百六十五	med_exam
150	521	524	165	med_exam
151	116	119	十二月	time
151	123	126	十二月	time
151	136	139	十二月	time
151	153	158	一百三十九	med_exam
151	162	167	一百三十九	med_exam
151	199	201	竹科	location
151	224	226	竹科	location
151	388	391	九十七	med_exam
151	645	650	十二月十九	time
151	661	663	四號	time
152	183	186	上個月	time
152	737	740	4個月	time
152	1131	1134	第三天	time
152	1205	1211	10月20號	time
152	1215	1221	10月20號	time
153	4	7	上禮拜	time
153	227	232	1、2年前	time
153	1061	1065	1個禮拜	time
153	1133	1135	兩年	time
153	1141	1143	兩年	time
153	1304	1307	兩年前	time
153	1868	1872	LINE	contact
153	1882	1892	0978936572	contact
154	95	97	台中	location
154	150	155	上上個禮拜	time
154	170	173	陳小姐	name
154	177	180	陳小姐	name
154	223	226	上禮拜	time
154	281	284	上禮拜	time
154	318	321	陳小姐	name
154	410	412	七夕	time
154	414	416	七夕	time
154	422	424	七夕	time
154	2970	2973	禮拜六	time
154	2985	2988	禮拜天	time
154	3063	3067	今天三點	time
154	3720	3723	40歲	time
154	4443	4445	今年	time
154	4520	4528	5年前2010年	time
154	4595	4598	414	med_exam
154	4605	4607	台幣	name
154	4630	4632	泰國	location
154	4671	4674	30塊	money
154	4721	4725	120塊	money
154	4773	4776	414	med_exam
154	4802	4807	12000	money
154	4857	4861	1600	med_exam
154	4902	4904	今年	time
154	5091	5095	1200	med_exam
154	5125	5128	6個月	time
154	5176	5179	9個月	time
154	5188	5191	800	money
154	5194	5197	900	money
154	5213	5216	6個月	time
154	5245	5249	900多	money
154	5299	5303	500多	money
154	5320	5326	每個月一個月	time
154	5332	5337	1000塊	money
154	5370	5376	123456	med_exam
154	5421	5428	MINIMUN	name
154	5493	5500	MINIMUN	name
154	5823	5826	三個月	time
154	6117	6121	第二個月	time
154	6269	6272	下個月	time
154	6283	6287	下個禮拜	time
154	6291	6295	下個禮拜	time
154	6326	6329	禮拜三	time
154	6330	6332	下午	time
154	6333	6336	禮拜五	time
154	6369	6372	禮拜三	time
154	6373	6375	下午	time
154	6377	6380	禮拜五	time
154	6413	6416	禮拜三	time
154	6417	6423	下午或禮拜五	time
154	6515	6521	今天、下個月	time
154	6586	6589	下禮拜	time
154	6596	6599	下禮拜	time
154	6702	6705	下禮拜	time
154	6758	6761	下禮拜	time
154	6816	6819	三個月	time
154	7535	7537	兩周	time
154	7539	7544	7月17號	time
154	7548	7551	下禮拜	time
154	7556	7562	下禮拜的禮拜	time
154	7575	7580	7月17號	time
155	217	220	三個月	time
155	239	242	三個月	time
155	243	246	六個月	time
155	266	269	三個月	time
155	293	296	三個月	time
155	314	317	三個月	time
155	355	358	三個月	time
155	367	370	三個月	time
155	382	384	四千	money
155	385	387	五千	money
155	699	701	季節	time
155	1036	1038	兩年	time
155	2361	2363	雅惠	name
155	2486	2489	三個月	time
156	36	41	2017年	time
156	42	44	7月	time
156	59	63	兩、三年	time
156	71	76	2017年	time
156	77	79	7月	time
156	89	94	2017年	time
156	95	97	7月	time
156	102	104	三年	time
156	112	114	三年	time
156	857	859	兩年	time
156	862	866	兩、三年	time
156	1071	1074	10月	time
156	1203	1206	禮拜三	time
156	1211	1217	下下下禮拜四	time
156	1229	1233	下禮拜三	time
156	1237	1240	下禮拜	time
156	1246	1250	下禮拜三	time
156	1251	1253	下午	time
156	1254	1258	7月6號	time
156	1262	1266	下禮拜三	time
156	1267	1269	下午	time
156	1271	1275	7月6號	time
156	1291	1294	下禮拜	time
156	1333	1336	下禮拜	time
156	1356	1359	下禮拜	time
156	1544	1549	2016年	time
156	1553	1555	5月	time
156	1560	1565	2016年	time
156	1568	1573	2015年	time
156	1574	1578	7月9號	time
156	1579	1583	8月1日	time
156	1584	1589	8月10日	time
156	1656	1666	2016年的3月6號	time
157	107	110	四個月	time
157	158	161	兩年半	time
157	788	791	三個月	time
157	792	795	六個月	time
157	811	814	三個月	time
157	818	821	三個月	time
157	837	839	小美	name
158	296	298	周末	time
158	312	319	禮拜三或禮拜四	time
158	361	363	周末	time
158	1007	1011	第七個月	time
158	1026	1029	下個月	time
158	1058	1060	兩周	time
158	1078	1082	6月2號	time
159	277	279	週末	time
159	291	293	周末	time
159	1390	1392	三年	time
159	1425	1429	兩個禮拜	time
159	2448	2451	3個月	time
159	2454	2457	清明節	time
159	2572	2574	五周	time
159	2575	2577	兩周	time
159	2578	2580	七周	time
159	2585	2589	兩個禮拜	time
159	2592	2595	兩個月	time
159	2853	2857	兩個禮拜	time
160	380	384	第三個月	time
160	487	489	三周	time
160	572	576	6月2號	time
160	585	587	7號	time
160	591	595	端午節連	time
161	413	416	下禮拜	time
161	584	589	一年5個月	time
161	610	612	兩年	time
161	686	689	下禮拜	time
161	832	835	六個月	time
161	926	929	四個月	time
161	934	936	四周	time
161	938	941	雙十節	time
161	957	962	11月9號	time
161	1042	1044	下午	time
161	1743	1746	四五天	time
162	43	46	三個月	time
162	63	68	七月十五號	time
162	96	99	七月初	time
162	467	471	2、3月	time
162	476	480	2、3月	time
162	682	686	2、3月	time
162	764	768	2、3月	time
162	769	771	9月	time
162	931	933	七月	time
162	941	943	3月	time
162	944	953	9月中二三四五六七	time
162	991	993	七月	time
162	1007	1009	七月	time
162	1348	1351	七月初	time
162	1360	1363	三週前	time
162	1364	1367	三週前	time
162	1396	1399	三週前	time
162	1410	1418	今天的三個禮拜前	time
162	1485	1487	兩週	time
162	1625	1632	上七月中、七月	time
162	1637	1639	七月	time
162	1755	1759	三個禮拜	time
162	1836	1840	兩個禮拜	time
162	1876	1879	九十五	med_exam
162	2121	2125	兩個禮拜	time
162	2676	2680	兩個禮拜	time
162	2696	2700	兩個禮拜	time
162	2703	2705	八月	time
162	3119	3127	8月9號的禮拜三	time
162	3128	3130	下午	time
162	3138	3141	禮拜三	time
162	3142	3144	下午	time
162	3159	3161	下午	time
162	3173	3177	8月9號	time
162	3187	3189	9號	time
162	3195	3198	禮拜五	time
162	3209	3212	11號	time
162	3222	3225	11號	time
163	26	29	上禮拜	time
163	218	220	今年	time
163	265	267	5月	time
163	300	302	6月	time
163	600	603	兩個月	time
163	610	613	兩個月	time
163	670	672	台中	location
163	820	822	台中	location
163	845	847	台中	location
163	1523	1528	CHANG	name
163	1553	1565	MING。醫師：MING	name
163	1597	1600	三個月	time
163	1601	1604	六個月	time
163	1622	1625	三個月	time
163	1638	1641	三個月	time
163	1687	1690	三個月	time
163	1709	1712	三個月	time
164	1845	1848	禮拜三	time
164	1849	1851	下午	time
164	1853	1856	禮拜五	time
164	1882	1888	今天恩三十天	time
164	1892	1896	二十八天	time
164	1927	1931	二十八天	time
164	1949	1952	28天	time
164	1970	1973	28天	time
164	2037	2040	禮拜三	time
164	2041	2047	下午或禮拜五	time
164	2048	2053	早上或禮拜	time
164	2156	2158	四周	time
164	2169	2172	28天	time
164	2197	2200	禮拜三	time
164	2201	2203	下午	time
164	2212	2218	早上，禮拜五	time
164	2250	2253	禮拜五	time
164	2290	2293	禮拜三	time
164	2310	2317	下一周的禮拜二	time
164	2406	2409	下個月	time
164	2430	2433	禮拜五	time
164	2451	2457	早上或禮拜三	time
164	2458	2460	下午	time
164	2569	2574	下一個禮拜	time
164	2642	2645	禮拜三	time
164	2652	2655	五六日	time
164	2769	2772	清明節	time
164	2779	2782	兒童節	time
164	2797	2799	十月	time
164	2804	2807	123	med_exam
164	2811	2814	123	med_exam
164	2815	2818	123	med_exam
164	2825	2828	前一周	time
164	2829	2832	清明節	time
164	2852	2855	兒童節	time
164	2921	2925	正禮拜三	time
164	2926	2932	早上和禮拜五	time
164	3201	3204	10月	time
164	3273	3278	明年的2月	time
164	3405	3408	五千五	money
164	3430	3433	五千五	money
164	3540	3546	十年、二十年	time
164	3635	3637	五年	time
164	3640	3642	十年	time
164	3743	3745	五年	time
164	3747	3749	十年	time
164	4055	4058	10月	time
164	4064	4071	明年的2月第三	time
164	4423	4426	下個月	time
164	4438	4441	下個月	time
164	4613	4619	738453	med_exam
165	166	168	五月	time
165	180	182	五月	time
165	192	194	五月	time
165	278	280	7月	time
165	295	297	7月	time
165	306	309	7月底	time
165	372	375	8月初	time
165	386	389	8月初	time
165	397	400	三個月	time
165	433	436	8月初	time
165	444	448	8月9號	time
165	464	467	7月底	time
165	539	543	兩個月前	time
165	654	657	蕭醫師	name
165	724	728	1比63	med_exam
165	751	753	63	med_exam
165	777	781	1比63	med_exam
165	785	787	15	med_exam
165	1223	1225	9月	time
165	1233	1237	9月6號	time
165	1241	1243	6號	time
165	1250	1253	禮拜三	time
165	1259	1263	9月6號	time
166	199	204	7月15號	time
166	214	218	7月7號	time
166	290	294	7月7號	time
166	316	321	7月15號	time
166	346	351	8號、9號	time
166	359	366	8號、9號早上	time
166	387	391	早上禮拜	time
166	478	480	7月	time
166	512	520	7月13號禮拜二	time
166	534	537	禮拜二	time
166	543	546	禮拜二	time
166	599	602	禮拜四	time
166	656	661	7月15號	time
166	671	674	15號	time
166	686	689	15號	time
166	1163	1166	上個月	time
167	147	151	下下禮拜	time
167	172	176	下下禮拜	time
167	183	188	禮拜五早上	time
167	241	245	第八個月	time
167	413	415	台中	location
167	420	422	新竹	location
167	524	526	新竹	location
167	636	640	第八個月	time
167	659	663	下禮拜記	time
167	718	721	禮拜四	time
167	726	728	下午	time
167	791	794	九個月	time
167	803	807	十月九號	time
167	844	847	前一週	time
167	874	876	九號	time
167	887	892	九號禮拜三	time
167	963	965	新竹	location
167	978	981	李醫師	name
167	988	991	李醫師	name
167	1095	1098	下個月	time
167	1128	1131	十二月	time
167	1142	1145	下個月	time
167	1246	1248	李允	name
167	1264	1267	李醫師	name
168	14	16	小華	name
168	69	71	小華	name
168	138	141	替代役	profession
168	188	191	替代役	profession
168	208	211	替代役	profession
168	1666	1668	3月	time
168	1678	1680	4月	time
168	1705	1707	2月	time
168	1723	1725	3月	time
168	1732	1734	2月	time
168	1738	1740	3月	time
168	2134	2137	許醫師	name
168	2277	2281	1個禮拜	time
168	2677	2681	今天幾號	time
168	2685	2687	8月	time
168	2692	2696	9月5號	time
168	2697	2701	9月4號	time
168	2703	2707	9月6號	time
168	2722	2726	9月5號	time
168	2818	2823	晚24小時	time
168	3012	3014	美麗	location
168	3015	3017	邂逅	profession
168	3350	3352	週末	time
168	3353	3355	下午	time
168	3364	3367	禮拜六	time
168	3672	3675	這禮拜	time
168	3684	3687	這禮拜	time
168	3708	3712	兩個禮拜	time
168	3746	3749	禮拜六	time
168	4238	4241	10天	time
169	28	31	王醫師	name
169	104	107	2個月	time
169	112	116	第2個月	time
169	132	134	三月	time
169	333	336	王醫師	name
169	418	422	2000	money
169	423	427	3000	money
169	792	795	王醫師	name
170	221	224	陳醫師	name
170	402	406	12個月	time
170	427	431	ＬＩＮＥ	contact
170	631	634	陳醫師	name
170	672	676	這三個月	time
170	1498	1502	1個禮拜	time
170	1505	1508	兩三天	time
170	1839	1842	三個月	time
170	2217	2220	許花花	name
170	2224	2234	0983333786	contact
170	2250	2252	台大	location
170	2280	2282	花蓮	location
170	2291	2293	高雄	location
170	2330	2333	王大陸	name
171	80	84	4430	med_exam
171	136	141	8月20號	time
171	1088	1092	ＬＩＮＥ	contact
171	1127	1131	ＬＩＮＥ	contact
171	1253	1258	明天、明天	time
171	1427	1430	三個月	time
171	1940	1944	這三個月	time
171	1958	1961	三個月	time
171	1972	1974	7月	time
171	2084	2086	8月	time
171	2122	2126	10月份	time
172	14	17	陳醫師	name
172	681	687	今天晚上8點	time
172	2118	2120	四年	time
172	3463	3465	姊姊	family
173	138	142	八十公斤	med_exam
173	308	311	金融業	profession
173	337	340	金融業	profession
173	515	517	桃園	location
173	537	539	台東	location
173	574	576	桃園	location
173	583	585	桃園	location
173	594	596	桃園	location
173	2391	2395	上個月梅	time
173	2408	2412	上上個月	time
173	2419	2423	八月一號	time
173	2433	2437	上上個月	time
173	2442	2445	七月底	time
174	583	586	王醫師	name
174	743	748	EMAIL	contact
174	762	767	EMAIL	contact
174	792	797	EMAIL	contact
174	928	933	EMAIL	contact
174	1035	1037	兩周	time
174	1038	1040	六周	time
174	1076	1078	兩周	time
174	1079	1081	六周	time
174	1564	1566	泰國	location
174	1571	1573	泰國	location
174	1577	1579	泰國	location
174	1664	1666	七月	time
174	1683	1685	三號	time
174	1695	1697	四號	time
174	1700	1706	今天晚上十點	time
175	272	274	兩年	time
175	281	283	兩年	time
175	482	487	今天禮拜六	time
175	492	495	禮拜六	time
175	658	662	一個月四	time
175	686	689	上個月	time
175	762	764	75	med_exam
175	1825	1830	上上個月梅	time
176	102	104	昇華	location
176	450	453	上個月	time
176	570	573	三個月	time
176	1207	1218	一個月、一個月、一個月	time
177	333	338	5月18號	time
177	353	358	5月18號	time
178	236	240	爺爺奶奶	family
178	440	444	9月7號	time
179	444	446	姊姊	family
179	1962	1965	良辰吉	name
179	2644	2646	花蓮	location
179	2647	2649	屏東	location
179	2650	2652	小琉	name
179	3024	3027	33歲	time
179	3368	3371	33歲	time
179	3392	3399	一個月1500	time
179	3406	3409	一千五	money
179	3440	3443	414	med_exam
179	3559	3561	嘉義	location
179	3588	3591	一千五	money
179	3641	3643	嘉義	location
179	3652	3654	嘉義	location
179	3714	3716	嘉義	location
180	66	68	十月	time
180	69	73	今天幾號	time
180	74	76	六號	time
180	80	82	六號	time
180	296	298	八號	time
180	347	349	九號	time
180	378	380	十號	time
180	438	445	一二三四五六七	med_exam
180	452	455	十三號	time
180	689	691	兩年	time
180	1217	1223	下11月6號	time
180	1442	1446	九月八號	time
180	1545	1549	九月七號	time
180	1564	1569	晚九月八號	time
180	1619	1621	九號	time
180	1631	1633	十號	time
180	1702	1704	十號	time
180	1716	1718	十號	time
180	1769	1772	十二號	time
181	4	7	黃醫師	name
181	147	149	7月	time
181	203	206	三個月	time
181	242	249	去年7月20號	time
181	253	258	7月20號	time
181	307	310	三個月	time
181	784	788	三個禮拜	time
181	797	801	三個禮拜	time
181	826	830	三個禮拜	time
181	831	833	四週	time
181	1028	1033	上上個禮拜	time
181	1041	1045	上上禮拜	time
181	1253	1255	台中	location
181	1511	1513	下午	time
181	1623	1625	德國	location
181	1640	1642	德國	location
181	1645	1647	瑞典	location
181	1738	1740	德國	location
181	1742	1744	瑞典	location
182	64	66	台東	location
182	109	114	昨天，昨天	time
182	1994	1996	六月	time
182	1997	2001	今天六月	time
182	2002	2004	四號	time
182	2007	2011	六月三號	time
182	2012	2016	六月五號	time
182	2017	2021	六月六號	time
182	2024	2030	今天晚上十點	time
182	2048	2054	今天晚上十點	time
182	2195	2200	五號、六號	time
182	2295	2299	六月七號	time
182	3082	3084	今年	time
182	3086	3088	五年	time
182	3106	3108	三年	time
182	3175	3177	三年	time
183	1354	1359	三天、六天	time
183	1377	1381	LINE	contact
183	1394	1398	LINE	contact
183	1554	1557	第七天	time
183	1614	1616	日曆	time
183	1687	1689	昨天	time
184	11	13	大華	name
185	55	57	68	med_exam
185	66	68	68	med_exam
185	1264	1271	10.78公分	med_exam
185	1375	1380	庚醫院醫師	name
185	2575	2578	四五天	time
185	2604	2609	3月18號	time
185	2613	2616	下禮拜	time
185	2622	2625	下禮拜	time
185	2630	2635	3月24日	time
185	2650	2654	3月24	time
185	2663	2670	禮拜二到禮拜四	time
185	2692	2697	3月31日	time
186	527	531	奇美醫院	location
186	802	805	三個月	time
186	904	909	五十二百分	med_exam
186	915	920	五十二百分	med_exam
186	933	936	陳醫師	name
186	988	992	兩百多萬	money
186	997	1001	兩百多萬	money
186	1021	1025	兩百多萬	money
186	1052	1055	五個月	time
186	1382	1387	二零一六年	time
186	1394	1396	四年	time
186	1404	1406	四年	time
186	1414	1416	四年	time
186	2259	2263	一個半月	time
186	2295	2299	兩個禮拜	time
186	2334	2338	三個禮拜	time
186	2404	2407	陳醫師	name
187	517	520	50歲	time
187	543	546	53歲	time
187	575	578	上個月	time
187	582	585	上個月	time
187	772	779	５月份５月１號	time
187	784	788	五月一號	time
187	809	813	三個禮拜	time
187	1036	1038	前年	time
187	1047	1049	前年	time
187	1060	1063	三月份	time
187	1069	1074	前年三月份	time
187	1091	1094	四個月	time
187	1452	1456	37.2	med_exam
187	1524	1528	35點多	med_exam
187	1575	1579	38點多	med_exam
187	1657	1659	下午	time
187	1669	1673	38點多	med_exam
187	1686	1688	下午	time
187	1693	1695	下午	time
187	1759	1763	38點多	med_exam
187	1770	1772	35	med_exam
188	3	6	黃醫師	name
188	281	284	9公分	med_exam
188	291	294	5公分	med_exam
188	298	301	9公分	med_exam
188	502	505	陳醫師	name
188	575	586	2016年10月19號	time
188	619	623	三年半前	time
188	703	705	今年	time
188	978	983	今年的年初	time
188	1716	1719	兩三年	time
188	2041	2044	9公分	med_exam
188	2260	2263	林醫師	name
188	2301	2305	太郎醫師	name
189	956	960	兩個禮拜	time
189	983	987	兩個禮拜	time
189	1023	1026	兩個月	time
189	1045	1048	兩個月	time
189	1296	1300	三個禮拜	time
189	1316	1320	四百二十	med_exam
190	171	174	700	money
190	1037	1039	釜山	location
190	1048	1050	釜山	location
190	1052	1054	釜山	location
190	1061	1066	南韓交流道	location
190	1072	1077	南韓交流道	location
190	1153	1159	linone	contact
190	1165	1171	linone	contact
190	1253	1256	六個月	time
190	1430	1434	三個禮拜	time
190	1708	1712	三個禮拜	time
190	1741	1745	三個禮拜	time
190	1748	1753	6月20號	time
191	294	302	兩個禮拜三個禮拜	time
191	925	927	55	med_exam
191	936	942	55上次52	med_exam
191	1000	1004	三個禮拜	time
191	1040	1044	三個禮拜	time
191	1386	1388	兩年	time
191	1681	1687	兩點三點四點	time
191	1836	1840	這幾年天	time
191	1916	1920	兩千多塊	money
192	64	66	昨天	time
192	103	105	昨天	time
192	117	119	小明	name
192	156	158	小明	name
192	160	162	昨天	time
192	324	328	二個禮拜	time
192	334	338	二個禮拜	time
193	10	12	38	med_exam
193	68	70	昨天	time
193	189	193	二十分鐘	time
193	293	295	五年	time
193	520	522	咐他	profession
193	540	544	兩個禮拜	time
193	858	862	前天下午	time
193	1354	1356	娜美	name
193	1549	1551	五天	time
193	1614	1617	禮拜三	time
193	1622	1627	五天禮拜三	time
193	1940	1942	惚了	profession
193	1991	1997	這禮拜三下午	time
193	2279	2282	185	med_exam
193	2377	2380	185	med_exam
193	2387	2390	185	med_exam
193	2560	2563	兩個月	time
193	2671	2674	155	med_exam
193	2679	2682	155	med_exam
193	2696	2699	155	med_exam
194	70	74	兩千多塊	money
194	184	190	85.5公斤	med_exam
194	273	276	泳四天	time
194	290	294	四十分鐘	time
194	330	333	490	med_exam
194	381	384	450	med_exam
194	743	746	374	med_exam
194	763	766	490	med_exam
194	770	773	490	med_exam
194	800	803	390	med_exam
194	812	815	290	med_exam
194	834	837	505	med_exam
195	43	46	兩個月	time
195	49	52	兩個月	time
195	101	104	300	money
195	108	112	兩個月份	time
195	116	119	300	money
195	151	154	300	money
195	159	162	300	money
195	176	180	150塊	money
195	406	409	一年半	time
195	415	418	一年半	time
195	472	476	上上個月	time
195	519	522	一年半	time
195	565	569	上上個月	time
195	583	587	上上個月	time
195	591	595	一年半前	time
195	609	612	一年半	time
195	626	629	一年半	time
195	1031	1036	這三個禮拜	time
195	1084	1088	五個月前	time
195	1116	1120	五個月前	time
195	1125	1128	五個月	time
195	1133	1138	2017年	time
195	1185	1190	2017年	time
195	1196	1198	今年	time
195	1203	1207	2019	med_exam
195	1289	1293	2017	med_exam
195	1294	1299	12月25	time
195	1579	1582	300	money
195	1588	1591	兩個月	time
195	1598	1601	兩個月	time
195	1608	1612	兩個月份	time
195	1617	1621	兩個月份	time
195	1633	1637	兩個月份	time
195	1657	1661	200塊	money
195	1665	1669	200塊	money
195	1687	1690	500	money
195	1695	1698	500	money
195	1723	1726	150	med_exam
195	1731	1734	150	med_exam
195	1735	1742	500加150	money
195	1745	1748	150	med_exam
195	1757	1760	300	money
195	1784	1787	500	money
195	1794	1797	500	money
195	1805	1809	兩個月份	time
195	1838	1841	150	med_exam
195	1842	1845	350	med_exam
195	1906	1910	150塊	money
196	18	21	九千七	med_exam
196	47	50	一萬五	money
196	59	64	一萬零四百	med_exam
196	65	70	一萬零五百	med_exam
196	81	86	今天九千七	time
196	107	110	8.5	med_exam
196	111	115	12.4	med_exam
196	118	121	3.6	med_exam
196	135	139	三個禮拜	time
196	312	315	宇智波	location
196	316	318	木葉	location
196	321	324	宇智波	location
196	440	442	木葉	location
196	514	518	三個禮拜	time
196	557	561	三個禮拜	time
196	569	573	三個禮拜	time
196	645	649	三個禮拜	time
196	672	676	三個禮拜	time
196	693	697	兩個禮拜	time
196	708	713	四月二十日	time
196	751	755	兩個禮拜	time
196	923	925	小櫻	name
196	932	937	木葉宇智皮	location
196	949	956	宇智波忍術教室	location
196	1069	1072	宇智波	location
196	1077	1080	666	ID
196	1084	1087	666	ID
196	1094	1097	098	med_exam
196	1101	1104	098	med_exam
196	1109	1113	7403	med_exam
196	1117	1121	7403	med_exam
196	1125	1135	6660897403	ID
196	1142	1148	666098	ID
196	1152	1159	0987403	ID
196	1238	1245	宇智波忍術教室	location
197	3	7	180幾	med_exam
197	8	11	190	med_exam
197	21	24	190	med_exam
197	281	284	165	med_exam
197	286	290	165多	med_exam
197	400	404	37.3	med_exam
197	408	412	37.3	med_exam
197	1400	1403	兩個月	time
198	37	39	95	med_exam
198	64	66	95	med_exam
198	74	76	95	med_exam
198	145	150	2月20號	time
198	153	155	78	med_exam
198	394	397	六個月	time
198	411	413	四周	time
198	417	420	24周	time
198	435	439	500塊	money
198	444	448	500塊	money
198	550	553	六個月	time
198	610	613	下個月	time
198	628	631	下個月	time
198	636	641	4月20號	time
198	662	664	5月	time
198	671	673	5月	time
198	678	681	5月初	time
198	701	705	兩個禮拜	time
198	719	723	一個半月	time
198	731	735	5月1號	time
198	742	744	六周	time
198	774	776	5月	time
198	784	788	四個禮拜	time
198	793	797	四個禮拜	time
198	804	808	4月17	time
198	821	826	早一個禮拜	time
198	830	834	4月17	time
198	891	896	3月20號	time
198	946	950	四個禮拜	time
198	1050	1055	2月20號	time
198	1081	1084	371	med_exam
199	36	39	1.7	med_exam
199	40	43	1.7	med_exam
199	53	56	1.7	med_exam
199	518	522	6000	money
199	1065	1067	小美	name
